TIME(0-0),StylusY0_Scan0_Delta16_Stylus(1-0),StylusY1_Scan0_Delta16_Stylus(1-1),StylusY2_Scan0_Delta16_Stylus(1-2),StylusY3_Scan0_Delta16_Stylus(1-3),StylusY4_Scan0_Delta16_Stylus(1-4),StylusY5_Scan0_Delta16_Stylus(1-5),StylusY6_Scan0_Delta16_Stylus(1-6),StylusY7_Scan0_Delta16_Stylus(1-7),StylusY8_Scan0_Delta16_Stylus(1-8),StylusY9_Scan0_Delta16_Stylus(1-9),StylusY10_Scan0_Delta16_Stylus(1-10),StylusY11_Scan0_Delta16_Stylus(1-11),StylusY12_Scan0_Delta16_Stylus(1-12),StylusY13_Scan0_Delta16_Stylus(1-13),StylusY14_Scan0_Delta16_Stylus(1-14),StylusY15_Scan0_Delta16_Stylus(1-15),StylusY16_Scan0_Delta16_Stylus(1-16),StylusY17_Scan0_Delta16_Stylus(1-17),StylusY18_Scan0_Delta16_Stylus(1-18),StylusY19_Scan0_Delta16_Stylus(1-19),StylusY20_Scan0_Delta16_Stylus(1-20),StylusY21_Scan0_Delta16_Stylus(1-21),StylusY22_Scan0_Delta16_Stylus(1-22),StylusY23_Scan0_Delta16_Stylus(1-23),StylusY24_Scan0_Delta16_Stylus(1-24),StylusY25_Scan0_Delta16_Stylus(1-25),StylusY26_Scan0_Delta16_Stylus(1-26),StylusY27_Scan0_Delta16_Stylus(1-27),StylusY28_Scan0_Delta16_Stylus(1-28),StylusY29_Scan0_Delta16_Stylus(1-29),StylusY30_Scan0_Delta16_Stylus(1-30),StylusY31_Scan0_Delta16_Stylus(1-31),StylusY32_Scan0_Delta16_Stylus(1-32),StylusY33_Scan0_Delta16_Stylus(1-33),StylusY34_Scan0_Delta16_Stylus(1-34),StylusY35_Scan0_Delta16_Stylus(1-35),StylusY36_Scan0_Delta16_Stylus(1-36),StylusY37_Scan0_Delta16_Stylus(1-37),StylusY38_Scan0_Delta16_Stylus(1-38),StylusY39_Scan0_Delta16_Stylus(1-39),StylusY40_Scan0_Delta16_Stylus(1-40),StylusY41_Scan0_Delta16_Stylus(1-41),StylusY42_Scan0_Delta16_Stylus(1-42),StylusY43_Scan0_Delta16_Stylus(1-43),StylusY44_Scan0_Delta16_Stylus(1-44),StylusY45_Scan0_Delta16_Stylus(1-45),StylusY46_Scan0_Delta16_Stylus(1-46),StylusY47_Scan0_Delta16_Stylus(1-47),StylusY48_Scan0_Delta16_Stylus(1-48),StylusY49_Scan0_Delta16_Stylus(1-49),StylusY50_Scan0_Delta16_Stylus(1-50),StylusY51_Scan0_Delta16_Stylus(1-51),StylusY52_Scan0_Delta16_Stylus(1-52),StylusY53_Scan0_Delta16_Stylus(1-53),StylusY54_Scan0_Delta16_Stylus(1-54),StylusY55_Scan0_Delta16_Stylus(1-55),StylusY56_Scan0_Delta16_Stylus(1-56),StylusY57_Scan0_Delta16_Stylus(1-57),StylusY58_Scan0_Delta16_Stylus(1-58),StylusY59_Scan0_Delta16_Stylus(1-59),StylusY60_Scan0_Delta16_Stylus(1-60),StylusY61_Scan0_Delta16_Stylus(1-61),StylusY62_Scan0_Delta16_Stylus(1-62),StylusY63_Scan0_Delta16_Stylus(1-63),StylusY64_Scan0_Delta16_Stylus(1-64),StylusY65_Scan0_Delta16_Stylus(1-65),StylusY66_Scan0_Delta16_Stylus(1-66),StylusY67_Scan0_Delta16_Stylus(1-67),StylusY68_Scan0_Delta16_Stylus(1-68),StylusY69_Scan0_Delta16_Stylus(1-69),StylusY70_Scan0_Delta16_Stylus(1-70),StylusY71_Scan0_Delta16_Stylus(1-71),StylusY0_Scan1_Delta16_Stylus(2-0),StylusY1_Scan1_Delta16_Stylus(2-1),StylusY2_Scan1_Delta16_Stylus(2-2),StylusY3_Scan1_Delta16_Stylus(2-3),StylusY4_Scan1_Delta16_Stylus(2-4),StylusY5_Scan1_Delta16_Stylus(2-5),StylusY6_Scan1_Delta16_Stylus(2-6),StylusY7_Scan1_Delta16_Stylus(2-7),StylusY8_Scan1_Delta16_Stylus(2-8),StylusY9_Scan1_Delta16_Stylus(2-9),StylusY10_Scan1_Delta16_Stylus(2-10),StylusY11_Scan1_Delta16_Stylus(2-11),StylusY12_Scan1_Delta16_Stylus(2-12),StylusY13_Scan1_Delta16_Stylus(2-13),StylusY14_Scan1_Delta16_Stylus(2-14),StylusY15_Scan1_Delta16_Stylus(2-15),StylusY16_Scan1_Delta16_Stylus(2-16),StylusY17_Scan1_Delta16_Stylus(2-17),StylusY18_Scan1_Delta16_Stylus(2-18),StylusY19_Scan1_Delta16_Stylus(2-19),StylusY20_Scan1_Delta16_Stylus(2-20),StylusY21_Scan1_Delta16_Stylus(2-21),StylusY22_Scan1_Delta16_Stylus(2-22),StylusY23_Scan1_Delta16_Stylus(2-23),StylusY24_Scan1_Delta16_Stylus(2-24),StylusY25_Scan1_Delta16_Stylus(2-25),StylusY26_Scan1_Delta16_Stylus(2-26),StylusY27_Scan1_Delta16_Stylus(2-27),StylusY28_Scan1_Delta16_Stylus(2-28),StylusY29_Scan1_Delta16_Stylus(2-29),StylusY30_Scan1_Delta16_Stylus(2-30),StylusY31_Scan1_Delta16_Stylus(2-31),StylusY32_Scan1_Delta16_Stylus(2-32),StylusY33_Scan1_Delta16_Stylus(2-33),StylusY34_Scan1_Delta16_Stylus(2-34),StylusY35_Scan1_Delta16_Stylus(2-35),StylusY36_Scan1_Delta16_Stylus(2-36),StylusY37_Scan1_Delta16_Stylus(2-37),StylusY38_Scan1_Delta16_Stylus(2-38),StylusY39_Scan1_Delta16_Stylus(2-39),StylusY40_Scan1_Delta16_Stylus(2-40),StylusY41_Scan1_Delta16_Stylus(2-41),StylusY42_Scan1_Delta16_Stylus(2-42),StylusY43_Scan1_Delta16_Stylus(2-43),StylusY44_Scan1_Delta16_Stylus(2-44),StylusY45_Scan1_Delta16_Stylus(2-45),StylusY46_Scan1_Delta16_Stylus(2-46),StylusY47_Scan1_Delta16_Stylus(2-47),StylusY48_Scan1_Delta16_Stylus(2-48),StylusY49_Scan1_Delta16_Stylus(2-49),StylusY50_Scan1_Delta16_Stylus(2-50),StylusY51_Scan1_Delta16_Stylus(2-51),StylusY52_Scan1_Delta16_Stylus(2-52),StylusY53_Scan1_Delta16_Stylus(2-53),StylusY54_Scan1_Delta16_Stylus(2-54),StylusY55_Scan1_Delta16_Stylus(2-55),StylusY56_Scan1_Delta16_Stylus(2-56),StylusY57_Scan1_Delta16_Stylus(2-57),StylusY58_Scan1_Delta16_Stylus(2-58),StylusY59_Scan1_Delta16_Stylus(2-59),StylusY60_Scan1_Delta16_Stylus(2-60),StylusY61_Scan1_Delta16_Stylus(2-61),StylusY62_Scan1_Delta16_Stylus(2-62),StylusY63_Scan1_Delta16_Stylus(2-63),StylusY64_Scan1_Delta16_Stylus(2-64),StylusY65_Scan1_Delta16_Stylus(2-65),StylusY66_Scan1_Delta16_Stylus(2-66),StylusY67_Scan1_Delta16_Stylus(2-67),StylusY68_Scan1_Delta16_Stylus(2-68),StylusY69_Scan1_Delta16_Stylus(2-69),StylusY70_Scan1_Delta16_Stylus(2-70),StylusY71_Scan1_Delta16_Stylus(2-71),StylusX0_Scan0_Delta16_Stylus(3-0),StylusX1_Scan0_Delta16_Stylus(3-1),StylusX2_Scan0_Delta16_Stylus(3-2),StylusX3_Scan0_Delta16_Stylus(3-3),StylusX4_Scan0_Delta16_Stylus(3-4),StylusX5_Scan0_Delta16_Stylus(3-5),StylusX6_Scan0_Delta16_Stylus(3-6),StylusX7_Scan0_Delta16_Stylus(3-7),StylusX8_Scan0_Delta16_Stylus(3-8),StylusX9_Scan0_Delta16_Stylus(3-9),StylusX10_Scan0_Delta16_Stylus(3-10),StylusX11_Scan0_Delta16_Stylus(3-11),StylusX12_Scan0_Delta16_Stylus(3-12),StylusX13_Scan0_Delta16_Stylus(3-13),StylusX14_Scan0_Delta16_Stylus(3-14),StylusX15_Scan0_Delta16_Stylus(3-15),StylusX16_Scan0_Delta16_Stylus(3-16),StylusX17_Scan0_Delta16_Stylus(3-17),StylusX18_Scan0_Delta16_Stylus(3-18),StylusX19_Scan0_Delta16_Stylus(3-19),StylusX20_Scan0_Delta16_Stylus(3-20),StylusX21_Scan0_Delta16_Stylus(3-21),StylusX22_Scan0_Delta16_Stylus(3-22),StylusX23_Scan0_Delta16_Stylus(3-23),StylusX24_Scan0_Delta16_Stylus(3-24),StylusX25_Scan0_Delta16_Stylus(3-25),StylusX26_Scan0_Delta16_Stylus(3-26),StylusX27_Scan0_Delta16_Stylus(3-27),StylusX28_Scan0_Delta16_Stylus(3-28),StylusX29_Scan0_Delta16_Stylus(3-29),StylusX30_Scan0_Delta16_Stylus(3-30),StylusX31_Scan0_Delta16_Stylus(3-31),StylusX32_Scan0_Delta16_Stylus(3-32),StylusX33_Scan0_Delta16_Stylus(3-33),StylusX34_Scan0_Delta16_Stylus(3-34),StylusX35_Scan0_Delta16_Stylus(3-35),StylusX36_Scan0_Delta16_Stylus(3-36),StylusX37_Scan0_Delta16_Stylus(3-37),StylusX38_Scan0_Delta16_Stylus(3-38),StylusX39_Scan0_Delta16_Stylus(3-39),StylusX40_Scan0_Delta16_Stylus(3-40),(0-0),(0-0),(0-0),(0-0),(0-0),(0-0),(0-0),(0-0),(0-0),(0-0),(0-0),(0-0),(0-0),(0-0),(0-0),(0-0),(0-0),(0-0),(0-0),(0-0),(0-0),(0-0),(0-0),(0-0),(0-0),(0-0),(0-0),(0-0),(0-0),(0-0),(0-0),StylusX0_Scan1_Delta16_Stylus(4-0),StylusX1_Scan1_Delta16_Stylus(4-1),StylusX2_Scan1_Delta16_Stylus(4-2),StylusX3_Scan1_Delta16_Stylus(4-3),StylusX4_Scan1_Delta16_Stylus(4-4),StylusX5_Scan1_Delta16_Stylus(4-5),StylusX6_Scan1_Delta16_Stylus(4-6),StylusX7_Scan1_Delta16_Stylus(4-7),StylusX8_Scan1_Delta16_Stylus(4-8),StylusX9_Scan1_Delta16_Stylus(4-9),StylusX10_Scan1_Delta16_Stylus(4-10),StylusX11_Scan1_Delta16_Stylus(4-11),StylusX12_Scan1_Delta16_Stylus(4-12),StylusX13_Scan1_Delta16_Stylus(4-13),StylusX14_Scan1_Delta16_Stylus(4-14),StylusX15_Scan1_Delta16_Stylus(4-15),StylusX16_Scan1_Delta16_Stylus(4-16),StylusX17_Scan1_Delta16_Stylus(4-17),StylusX18_Scan1_Delta16_Stylus(4-18),StylusX19_Scan1_Delta16_Stylus(4-19),StylusX20_Scan1_Delta16_Stylus(4-20),StylusX21_Scan1_Delta16_Stylus(4-21),StylusX22_Scan1_Delta16_Stylus(4-22),StylusX23_Scan1_Delta16_Stylus(4-23),StylusX24_Scan1_Delta16_Stylus(4-24),StylusX25_Scan1_Delta16_Stylus(4-25),StylusX26_Scan1_Delta16_Stylus(4-26),StylusX27_Scan1_Delta16_Stylus(4-27),StylusX28_Scan1_Delta16_Stylus(4-28),StylusX29_Scan1_Delta16_Stylus(4-29),StylusX30_Scan1_Delta16_Stylus(4-30),StylusX31_Scan1_Delta16_Stylus(4-31),StylusX32_Scan1_Delta16_Stylus(4-32),StylusX33_Scan1_Delta16_Stylus(4-33),StylusX34_Scan1_Delta16_Stylus(4-34),StylusX35_Scan1_Delta16_Stylus(4-35),StylusX36_Scan1_Delta16_Stylus(4-36),StylusX37_Scan1_Delta16_Stylus(4-37),StylusX38_Scan1_Delta16_Stylus(4-38),StylusX39_Scan1_Delta16_Stylus(4-39),StylusX40_Scan1_Delta16_Stylus(4-40),(0-0),(0-0),(0-0),(0-0),(0-0),(0-0),(0-0),(0-0),(0-0),(0-0),(0-0),(0-0),(0-0),(0-0),(0-0),(0-0),(0-0),(0-0),(0-0),(0-0),(0-0),(0-0),(0-0),(0-0),(0-0),(0-0),(0-0),(0-0),(0-0),(0-0),(0-0),(0-0),(0-0),(0-0),(0-0),(0-0),(0-0),(0-0),(0-0),(0-0),(0-0),(0-0),(0-0),(0-0),(0-0),(0-0),(0-0),(0-0),(0-0),(0-0),(0-0),(0-0),(0-0),(0-0),(0-0),(0-0),(0-0),(0-0),(0-0),(0-0),(0-0),(0-0),(0-0),(0-0),(0-0),(0-0),(0-0),(0-0),(0-0),(0-0),(0-0),(0-0),(0-0),(0-0),(0-0),(0-0),(0-0),(0-0),(0-0),(0-0),(0-0),(0-0),(0-0),(0-0),(0-0),(0-0),(0-0),(0-0),(0-0),(0-0),(0-0),(0-0),(0-0),(0-0),(0-0)
08:47:38 175,-3,4,-3,6,7,3,8,0,7,2,2,-2,0,6,3,-4,0,-1,3,-3,9,3,3,0,-1,2,2,3,-3,6,-1,-5,-2,2,2,1,3,4,0,3,1,-4,1,6,3,0,-5,5,3,1,-7,0,0,0,0,0,0,0,0,0,0,0,0,0,0,0,0,0,0,0,0,0,-5,1,10,2,2,4,2,9,4,2,6,0,6,3,9,-2,-3,2,3,4,6,1,6,1,-1,1,-4,-3,6,1,-4,4,0,5,1,2,2,2,1,3,-2,-2,4,-5,0,5,1,6,2,-2,-1,0,0,0,0,0,0,0,0,0,0,0,0,0,0,0,0,0,0,0,0,0,-1,16,15,9,0,1,-6,1,-5,12,-2,1,-6,10,6,-2,0,5,6,-6,-5,11,4,-3,2,5,-2,-8,-1,8,0,-7,0,8,-2,6,-1,-5,0,0,0,0,0,0,0,0,0,0,0,0,0,0,0,0,0,0,0,0,0,0,0,0,0,0,0,0,0,0,0,0,0,0,-1,12,9,0,5,-1,0,16,-5,-3,2,4,-3,2,-7,-2,3,-3,-4,-1,-3,6,7,7,1,-7,7,8,-2,-1,1,-3,9,-4,-7,-3,0,-6,0,0,0,0,0,0,0,0,0,0,0,0,0,0,0,0,0,0,0,0,0,0,0,0,0,0,0,0,0,0,0,0,0,0,0,0,0,0,0,0,0,0,0,0,0,0,0,0,0,0,0,0,0,0,0,0,0,0,0,0,0,0,0,0,0,0,0,0,0,0,0,0,0,0,0,0,0,0,0,0,0,0,0,0,0,0,0,0,0,0,0,0,0,0,0,0,0,0
08:47:38 471,-4,2,-2,6,2,8,4,8,-3,9,-4,-2,-3,17,1,0,8,-2,1,-2,4,0,1,1,-4,3,2,-5,-1,2,2,-4,4,2,3,-1,-1,-2,3,2,-5,4,5,2,2,5,-1,-4,2,8,-3,0,0,0,0,0,0,0,0,0,0,0,0,0,0,0,0,0,0,0,0,0,-6,-6,2,2,7,6,1,8,0,3,-1,2,4,-3,4,3,4,-2,4,3,1,1,-6,7,1,2,4,-4,1,3,1,4,-1,3,10,3,4,4,0,-2,-2,1,-1,-1,4,1,3,-4,7,2,-9,0,0,0,0,0,0,0,0,0,0,0,0,0,0,0,0,0,0,0,0,0,0,5,11,3,3,-10,8,4,2,-5,-6,0,0,-4,-8,-14,4,8,-3,8,-6,6,12,7,0,-5,-8,9,-2,-2,11,-3,-1,4,2,-3,4,-3,0,0,0,0,0,0,0,0,0,0,0,0,0,0,0,0,0,0,0,0,0,0,0,0,0,0,0,0,0,0,0,0,0,0,-1,9,0,-1,9,-11,-3,4,-1,-1,-6,7,-8,7,-3,8,1,-8,-5,-9,4,0,5,8,-2,-3,1,11,0,-5,1,1,1,-4,4,4,1,-7,0,0,0,0,0,0,0,0,0,0,0,0,0,0,0,0,0,0,0,0,0,0,0,0,0,0,0,0,0,0,0,0,0,0,0,0,0,0,0,0,0,0,0,0,0,0,0,0,0,0,0,0,0,0,0,0,0,0,0,0,0,0,0,0,0,0,0,0,0,0,0,0,0,0,0,0,0,0,0,0,0,0,0,0,0,0,0,0,0,0,0,0,0,0,0,0,0,0
08:47:38 799,-6,9,7,5,5,10,8,4,5,3,0,1,2,9,4,2,2,3,4,3,-2,0,-1,4,4,1,2,-3,1,4,3,-2,-5,2,-3,-4,-2,4,5,0,-3,0,-5,1,12,1,0,0,0,9,-4,0,0,0,0,0,0,0,0,0,0,0,0,0,0,0,0,0,0,0,0,0,-3,-2,3,0,7,5,0,0,5,2,3,5,-4,6,6,-1,-1,4,3,3,-1,8,-3,-3,2,8,1,2,7,0,-2,-5,-1,3,3,-2,-2,3,-5,3,-1,-2,2,-3,4,1,-1,-3,3,-5,0,0,0,0,0,0,0,0,0,0,0,0,0,0,0,0,0,0,0,0,0,0,-1,12,9,0,6,-3,2,2,-2,4,-7,-2,4,-5,-8,1,1,-4,10,3,-2,2,-2,8,1,-10,2,4,-4,4,-4,3,-1,-5,1,1,2,-3,0,0,0,0,0,0,0,0,0,0,0,0,0,0,0,0,0,0,0,0,0,0,0,0,0,0,0,0,0,0,0,0,0,0,-1,11,9,5,0,2,4,8,-1,-2,11,5,-5,4,1,-7,2,3,-2,-2,7,-7,1,3,-1,-1,0,4,2,-8,0,2,1,-3,-7,15,-7,-6,0,0,0,0,0,0,0,0,0,0,0,0,0,0,0,0,0,0,0,0,0,0,0,0,0,0,0,0,0,0,0,0,0,0,0,0,0,0,0,0,0,0,0,0,0,0,0,0,0,0,0,0,0,0,0,0,0,0,0,0,0,0,0,0,0,0,0,0,0,0,0,0,0,0,0,0,0,0,0,0,0,0,0,0,0,0,0,0,0,0,0,0,0,0,0,0,0,0
08:47:39 095,-4,5,5,4,7,10,2,4,4,1,3,-1,2,4,11,2,1,-4,2,-1,1,4,2,2,1,-4,4,-4,1,3,3,-3,-4,1,1,4,6,-2,-1,3,1,3,-2,5,0,6,2,3,1,2,-3,0,0,0,0,0,0,0,0,0,0,0,0,0,0,0,0,0,0,0,0,0,-3,1,1,2,6,3,4,6,-4,10,5,6,-2,4,2,5,1,-3,0,2,-2,8,-4,4,1,-4,9,0,3,-2,1,2,0,1,0,-4,1,4,-7,1,2,3,5,2,1,-4,3,5,-4,-5,0,0,0,0,0,0,0,0,0,0,0,0,0,0,0,0,0,0,0,0,0,0,-1,14,35,9,0,1,3,-9,4,1,11,9,-4,3,1,-3,3,-10,2,0,1,4,-11,9,-3,2,-4,-7,2,0,2,-7,3,-1,-8,2,-1,-2,0,0,0,0,0,0,0,0,0,0,0,0,0,0,0,0,0,0,0,0,0,0,0,0,0,0,0,0,0,0,0,0,0,0,0,1,2,0,2,-8,3,6,-5,6,1,-1,0,2,-2,-3,1,4,-14,-1,-3,10,-13,4,-7,6,-2,3,1,-2,-1,1,2,-6,3,-2,2,-2,0,0,0,0,0,0,0,0,0,0,0,0,0,0,0,0,0,0,0,0,0,0,0,0,0,0,0,0,0,0,0,0,0,0,0,0,0,0,0,0,0,0,0,0,0,0,0,0,0,0,0,0,0,0,0,0,0,0,0,0,0,0,0,0,0,0,0,0,0,0,0,0,0,0,0,0,0,0,0,0,0,0,0,0,0,0,0,0,0,0,0,0,0,0,0,0,0,0
08:47:39 439,-6,14,4,5,6,9,6,9,1,7,5,-2,8,4,8,0,1,0,-2,4,1,3,3,-1,-3,8,4,-1,1,7,3,-3,-1,5,3,2,7,6,-3,-4,-6,1,1,3,5,3,1,7,-1,4,-1,0,0,0,0,0,0,0,0,0,0,0,0,0,0,0,0,0,0,0,0,0,-8,8,8,7,10,6,7,3,10,1,1,4,1,4,6,1,-2,2,7,2,7,6,0,2,-4,2,6,-4,-6,-4,2,-4,-2,2,-5,-4,6,10,2,3,-3,2,0,3,2,2,2,0,0,0,1,0,0,0,0,0,0,0,0,0,0,0,0,0,0,0,0,0,0,0,0,0,-1,7,15,0,3,3,5,-3,1,5,7,-2,2,-1,-11,-6,6,-3,6,5,-3,4,-6,0,-4,4,12,0,3,-4,-6,-6,5,-5,5,-5,7,-4,0,0,0,0,0,0,0,0,0,0,0,0,0,0,0,0,0,0,0,0,0,0,0,0,0,0,0,0,0,0,0,0,0,0,0,4,1,7,-3,-1,5,4,-4,2,4,3,4,-9,-18,8,-1,-2,-4,9,0,-9,-10,7,2,-3,0,2,-5,1,13,-2,7,-9,-8,2,3,-7,0,0,0,0,0,0,0,0,0,0,0,0,0,0,0,0,0,0,0,0,0,0,0,0,0,0,0,0,0,0,0,0,0,0,0,0,0,0,0,0,0,0,0,0,0,0,0,0,0,0,0,0,0,0,0,0,0,0,0,0,0,0,0,0,0,0,0,0,0,0,0,0,0,0,0,0,0,0,0,0,0,0,0,0,0,0,0,0,0,0,0,0,0,0,0,0,0,0
08:47:39 735,-4,11,2,7,2,4,15,9,-1,4,3,1,7,4,6,2,4,3,1,3,1,3,2,-5,4,-11,5,2,4,-1,0,1,1,1,1,5,-2,-4,-1,0,2,-1,-1,4,9,-5,-1,0,-4,3,-1,0,0,0,0,0,0,0,0,0,0,0,0,0,0,0,0,0,0,0,0,0,-2,4,-6,2,1,7,-3,0,0,5,8,1,1,1,4,2,-3,-3,-3,5,2,-3,-2,3,2,1,-2,1,2,-1,-5,3,5,0,-1,0,3,1,2,1,-6,-1,1,3,2,6,7,-5,2,1,-7,0,0,0,0,0,0,0,0,0,0,0,0,0,0,0,0,0,0,0,0,0,-1,3,-2,3,-2,9,-2,-9,0,6,0,3,1,-2,6,3,1,-1,5,7,-2,-2,-3,-5,4,-4,-6,-3,1,4,7,-8,1,1,5,8,-5,1,0,0,0,0,0,0,0,0,0,0,0,0,0,0,0,0,0,0,0,0,0,0,0,0,0,0,0,0,0,0,0,0,0,0,0,7,1,-3,1,-3,2,14,-2,-7,-9,-5,1,-2,5,3,2,-8,-3,0,1,3,-8,0,-6,11,-5,-1,1,-2,6,-6,6,-2,4,0,0,-5,0,0,0,0,0,0,0,0,0,0,0,0,0,0,0,0,0,0,0,0,0,0,0,0,0,0,0,0,0,0,0,0,0,0,0,0,0,0,0,0,0,0,0,0,0,0,0,0,0,0,0,0,0,0,0,0,0,0,0,0,0,0,0,0,0,0,0,0,0,0,0,0,0,0,0,0,0,0,0,0,0,0,0,0,0,0,0,0,0,0,0,0,0,0,0,0,0,0
08:47:40 047,-7,11,7,7,12,4,8,8,3,2,4,3,4,7,4,5,0,-9,1,-6,1,4,6,3,1,-1,0,1,5,2,-1,-2,0,-4,2,1,-4,3,-3,-4,-3,3,-4,3,3,0,-1,-3,-3,2,4,0,0,0,0,0,0,0,0,0,0,0,0,0,0,0,0,0,0,0,0,0,-6,-2,1,0,11,4,2,4,6,-2,-3,-1,2,1,7,4,3,2,-1,9,-2,-3,-2,-3,-2,5,4,-4,2,3,-1,2,3,4,8,4,-2,2,-6,4,2,2,2,3,2,3,1,0,1,-1,-6,0,0,0,0,0,0,0,0,0,0,0,0,0,0,0,0,0,0,0,0,0,-1,6,8,7,0,3,17,1,-1,1,7,-4,10,-13,-2,-11,5,4,-3,-6,6,1,-6,4,-1,-5,4,0,-2,6,-6,2,-5,5,-4,3,6,-8,0,0,0,0,0,0,0,0,0,0,0,0,0,0,0,0,0,0,0,0,0,0,0,0,0,0,0,0,0,0,0,0,0,0,0,3,7,5,-2,0,3,1,-1,-1,-3,9,3,-10,-1,2,-1,-2,-2,-4,-5,10,1,10,2,-4,7,1,0,3,8,4,0,-4,5,-1,-4,3,0,0,0,0,0,0,0,0,0,0,0,0,0,0,0,0,0,0,0,0,0,0,0,0,0,0,0,0,0,0,0,0,0,0,0,0,0,0,0,0,0,0,0,0,0,0,0,0,0,0,0,0,0,0,0,0,0,0,0,0,0,0,0,0,0,0,0,0,0,0,0,0,0,0,0,0,0,0,0,0,0,0,0,0,0,0,0,0,0,0,0,0,0,0,0,0,0,0
08:47:40 343,-6,8,2,9,5,6,1,0,3,5,1,4,6,7,8,4,8,0,3,-2,3,-3,6,-2,-3,1,0,-4,-1,7,6,3,-3,1,2,7,-2,2,-1,2,-1,0,-1,6,0,2,-1,5,-1,3,1,0,0,0,0,0,0,0,0,0,0,0,0,0,0,0,0,0,0,0,0,0,-4,2,4,1,4,6,1,2,2,-3,5,2,-2,-1,1,-1,0,0,-8,1,-1,-2,-2,-1,0,-1,-12,-7,-7,-2,-4,-5,-11,-6,-4,-10,12,13,6,17,8,7,11,6,6,13,10,9,12,5,-1,0,0,0,0,0,0,0,0,0,0,0,0,0,0,0,0,0,0,0,0,0,-1,14,-2,13,-2,-6,1,-1,4,1,-6,-4,4,-12,5,-6,2,0,2,-5,4,6,-6,4,-3,0,0,1,1,-2,7,3,-10,5,0,1,8,-7,0,0,0,0,0,0,0,0,0,0,0,0,0,0,0,0,0,0,0,0,0,0,0,0,0,0,0,0,0,0,0,0,0,0,-1,16,5,13,-2,-1,2,4,-2,0,1,-5,7,-7,-10,3,1,-7,1,-2,-2,7,-1,8,-6,-2,-7,4,4,-6,8,-5,-2,5,5,-4,4,-6,0,0,0,0,0,0,0,0,0,0,0,0,0,0,0,0,0,0,0,0,0,0,0,0,0,0,0,0,0,0,0,0,0,0,0,0,0,0,0,0,0,0,0,0,0,0,0,0,0,0,0,0,0,0,0,0,0,0,0,0,0,0,0,0,0,0,0,0,0,0,0,0,0,0,0,0,0,0,0,0,0,0,0,0,0,0,0,0,0,0,0,0,0,0,0,0,0,0
08:47:40 640,-5,12,2,9,7,3,5,3,1,2,2,4,6,2,1,-1,3,4,1,6,1,-1,1,-3,1,2,-1,-4,2,3,0,-4,4,2,6,1,4,6,2,0,-3,4,1,5,4,-4,-1,-1,-1,3,-2,0,0,0,0,0,0,0,0,0,0,0,0,0,0,0,0,0,0,0,0,0,-3,4,9,5,0,11,0,4,-1,4,10,5,2,7,4,9,0,3,5,7,3,5,2,0,3,-1,6,3,3,-1,8,5,5,16,12,10,-11,-6,-3,-6,-3,-3,-1,-3,-3,1,1,-3,-2,-5,-9,0,0,0,0,0,0,0,0,0,0,0,0,0,0,0,0,0,0,0,0,0,-1,12,12,3,3,2,10,6,-3,3,13,2,2,-5,-11,-8,5,-9,0,9,-4,3,3,-5,-2,1,1,6,3,-6,-9,0,-1,3,-9,11,1,-10,0,0,0,0,0,0,0,0,0,0,0,0,0,0,0,0,0,0,0,0,0,0,0,0,0,0,0,0,0,0,0,0,0,0,0,1,9,4,-2,2,4,3,0,4,-1,-6,1,-2,1,2,4,-4,-1,-3,0,4,-3,4,4,-7,-4,0,1,-4,3,4,-9,14,7,1,3,-4,0,0,0,0,0,0,0,0,0,0,0,0,0,0,0,0,0,0,0,0,0,0,0,0,0,0,0,0,0,0,0,0,0,0,0,0,0,0,0,0,0,0,0,0,0,0,0,0,0,0,0,0,0,0,0,0,0,0,0,0,0,0,0,0,0,0,0,0,0,0,0,0,0,0,0,0,0,0,0,0,0,0,0,0,0,0,0,0,0,0,0,0,0,0,0,0,0,0
08:47:40 936,-6,7,6,1,6,11,5,4,3,5,0,1,5,3,1,1,3,-3,3,4,1,3,1,-5,1,3,3,-1,5,1,-3,3,-3,3,6,2,4,0,-2,0,3,-1,2,-2,1,3,5,7,-2,3,-3,0,0,0,0,0,0,0,0,0,0,0,0,0,0,0,0,0,0,0,0,0,-5,4,7,8,10,5,3,0,6,-4,4,1,2,-4,-1,7,-1,-3,5,-10,0,4,1,1,3,2,2,7,3,2,-1,0,-5,6,0,-2,2,-3,-7,1,3,2,-4,1,0,8,-1,0,-3,-1,-6,0,0,0,0,0,0,0,0,0,0,0,0,0,0,0,0,0,0,0,0,0,-1,4,8,11,-3,-2,6,-10,-2,13,1,-4,6,-7,1,1,4,-2,4,5,-3,8,0,5,5,-8,-9,-2,-5,9,-11,-2,1,-9,3,-3,0,2,0,0,0,0,0,0,0,0,0,0,0,0,0,0,0,0,0,0,0,0,0,0,0,0,0,0,0,0,0,0,0,0,0,0,-1,3,0,14,-9,5,4,8,-4,-5,3,2,-1,6,8,-10,9,5,10,4,-5,12,9,15,-1,1,-4,-2,0,-5,0,-6,1,2,-12,-4,2,-7,0,0,0,0,0,0,0,0,0,0,0,0,0,0,0,0,0,0,0,0,0,0,0,0,0,0,0,0,0,0,0,0,0,0,0,0,0,0,0,0,0,0,0,0,0,0,0,0,0,0,0,0,0,0,0,0,0,0,0,0,0,0,0,0,0,0,0,0,0,0,0,0,0,0,0,0,0,0,0,0,0,0,0,0,0,0,0,0,0,0,0,0,0,0,0,0,0,0
08:47:41 233,-7,-2,-3,-4,0,-7,-10,-4,-13,-8,-8,-10,-4,-3,-9,-11,-11,-9,-6,-13,-7,-9,-6,-12,-9,1,5,1,8,17,23,32,36,45,55,62,56,56,41,26,23,11,2,0,-7,-17,-23,-13,-22,-22,-32,0,0,0,0,0,0,0,0,0,0,0,0,0,0,0,0,0,0,0,0,0,-8,-7,-4,-2,-1,-9,-13,-4,0,-9,-3,-10,-11,-3,-6,-8,-9,-12,-3,-6,-4,-2,-1,0,3,10,15,22,29,37,57,71,85,102,118,122,110,103,75,56,44,30,16,6,-2,-4,-12,-14,-14,-23,-25,0,0,0,0,0,0,0,0,0,0,0,0,0,0,0,0,0,0,0,0,0,-1,-1,4,-1,3,3,0,-14,7,-2,6,7,-5,-7,-8,0,0,-16,-4,-2,-5,1,-1,8,4,21,35,29,-3,10,4,6,-8,-6,-8,-2,2,-18,0,0,0,0,0,0,0,0,0,0,0,0,0,0,0,0,0,0,0,0,0,0,0,0,0,0,0,0,0,0,0,0,0,0,0,8,-4,5,-3,-6,10,2,-3,1,-4,-3,9,-12,-5,4,-4,-7,-15,-6,-12,-7,-27,-16,4,21,44,60,19,19,11,-7,-1,-26,-4,-4,-5,-15,0,0,0,0,0,0,0,0,0,0,0,0,0,0,0,0,0,0,0,0,0,0,0,0,0,0,0,0,0,0,0,0,0,0,0,0,0,0,0,0,0,0,0,0,0,0,0,0,0,0,0,0,0,0,0,0,0,0,0,0,0,0,0,0,0,0,0,0,0,0,0,0,0,0,0,0,0,0,0,0,0,0,0,0,0,0,0,0,0,0,0,0,0,0,0,0,0,0
08:47:41 560,0,6,-2,-3,5,-2,5,-2,-6,6,-4,5,6,1,2,4,10,3,2,6,2,5,7,0,9,6,10,9,-19,-14,-8,-16,-12,-10,-8,-1,-10,-17,-19,-9,-18,13,19,14,3,12,7,10,5,10,6,0,0,0,0,0,0,0,0,0,0,0,0,0,0,0,0,0,0,0,0,0,0,-4,-3,-6,-2,1,0,-7,0,2,-3,-3,-3,-3,2,-2,-1,-10,3,-1,1,-1,6,12,12,6,22,17,27,6,35,78,181,471,1441,2032,862,298,97,25,2,-12,10,1,3,8,-1,-6,-9,-8,-4,0,0,0,0,0,0,0,0,0,0,0,0,0,0,0,0,0,0,0,0,0,0,-10,3,3,2,-10,2,-5,0,5,-8,2,0,-5,14,4,-1,-3,8,12,6,21,-48,-27,-8,48,285,1975,2106,278,55,-11,-25,-42,-47,20,-1,10,0,0,0,0,0,0,0,0,0,0,0,0,0,0,0,0,0,0,0,0,0,0,0,0,0,0,0,0,0,0,0,0,0,0,1,-5,-1,-4,-4,3,-8,5,0,-3,3,-9,2,6,-5,-1,-3,2,2,3,16,-36,-29,-4,59,313,2678,1941,245,62,14,-1,-1,-28,35,23,-1,0,0,0,0,0,0,0,0,0,0,0,0,0,0,0,0,0,0,0,0,0,0,0,0,0,0,0,0,0,0,0,0,0,0,0,0,0,0,0,0,0,0,0,0,0,0,0,0,0,0,0,0,0,0,0,0,0,0,0,0,0,0,0,0,0,0,0,0,0,0,0,0,0,0,0,0,0,0,0,0,0,0,0,0,0,0,0,0,0,0,0,0,0,0,0,0,0,0,0
08:47:41 857,-1,6,-3,6,-1,0,-3,-2,-6,3,-3,-6,-2,-3,-2,-3,2,-3,3,-1,5,1,1,-6,0,2,8,12,17,-18,-4,6,22,75,266,2687,2503,476,128,26,-8,-16,4,-1,0,7,-9,0,-4,2,-7,0,0,0,0,0,0,0,0,0,0,0,0,0,0,0,0,0,0,0,0,0,-1,5,1,6,2,-1,-5,-1,1,3,-1,2,0,-1,4,-3,-4,-3,5,0,4,0,2,2,-2,6,3,3,11,14,-7,3,18,67,219,1368,3304,649,164,38,-2,-15,-23,-2,-2,3,-2,-4,-8,-7,-2,0,0,0,0,0,0,0,0,0,0,0,0,0,0,0,0,0,0,0,0,0,1,-12,-6,-7,8,3,27,35,-22,-19,7,47,223,1575,2933,352,67,-10,-18,-12,-28,39,24,15,7,2,1,2,4,-8,1,-8,6,-4,4,5,3,-7,0,0,0,0,0,0,0,0,0,0,0,0,0,0,0,0,0,0,0,0,0,0,0,0,0,0,0,0,0,0,0,0,0,0,0,-9,-11,5,-1,2,-54,-29,-5,76,418,3274,1175,201,27,-17,-28,-35,-54,20,-7,0,-4,2,0,0,-4,2,0,-5,0,-5,1,4,9,-1,3,-1,0,0,0,0,0,0,0,0,0,0,0,0,0,0,0,0,0,0,0,0,0,0,0,0,0,0,0,0,0,0,0,0,0,0,0,0,0,0,0,0,0,0,0,0,0,0,0,0,0,0,0,0,0,0,0,0,0,0,0,0,0,0,0,0,0,0,0,0,0,0,0,0,0,0,0,0,0,0,0,0,0,0,0,0,0,0,0,0,0,0,0,0,0,0,0,0,0,0
08:47:42 371,-6,0,-2,-3,2,-2,-1,-13,0,-4,-1,-1,4,-5,5,-1,-4,-6,-4,-3,-1,-9,-3,-2,-6,7,6,6,11,14,10,17,15,17,19,16,17,17,13,8,2,5,1,0,0,-2,-8,-9,-13,-5,-14,0,0,0,0,0,0,0,0,0,0,0,0,0,0,0,0,0,0,0,0,0,-8,-5,1,3,5,1,-1,6,2,0,0,-1,-4,0,5,4,0,-1,4,2,1,0,5,7,-2,9,12,10,6,5,8,9,13,13,13,11,14,14,11,11,6,5,-3,-2,-3,1,-10,-5,-6,-11,-12,0,0,0,0,0,0,0,0,0,0,0,0,0,0,0,0,0,0,0,0,0,-142,-98,-30,-35,-5,-8,-15,39,155,7,90,87,158,248,280,186,348,332,332,306,287,259,255,251,213,227,188,179,174,148,132,133,128,93,97,64,62,22,0,0,0,0,0,0,0,0,0,0,0,0,0,0,0,0,0,0,0,0,0,0,0,0,0,0,0,0,0,0,0,0,0,0,0,5,8,-4,5,-3,0,3,1,-15,5,-2,9,-8,-2,-3,6,-11,2,3,0,-9,6,2,-3,11,-6,-7,2,5,-1,-7,9,-10,11,-4,2,-2,0,0,0,0,0,0,0,0,0,0,0,0,0,0,0,0,0,0,0,0,0,0,0,0,0,0,0,0,0,0,0,0,0,0,0,0,0,0,0,0,0,0,0,0,0,0,0,0,0,0,0,0,0,0,0,0,0,0,0,0,0,0,0,0,0,0,0,0,0,0,0,0,0,0,0,0,0,0,0,0,0,0,0,0,0,0,0,0,0,0,0,0,0,0,0,0,0,0
08:47:42 886,-3,4,0,6,3,5,-1,-1,5,4,1,-3,2,-1,5,6,-1,6,-2,1,2,6,3,0,-1,-8,3,0,-1,5,-2,-7,-3,7,-3,-6,4,1,-8,-3,1,-1,-4,0,-1,-3,-9,3,-3,0,-3,0,0,0,0,0,0,0,0,0,0,0,0,0,0,0,0,0,0,0,0,0,-14,-14,-18,-21,-15,-21,-23,-17,-23,-25,-21,-21,-27,-31,-26,-24,-33,-28,-23,-29,-31,-34,-25,-10,41,60,145,171,163,170,177,179,185,182,189,188,185,181,181,171,184,173,173,172,168,172,165,169,170,168,171,0,0,0,0,0,0,0,0,0,0,0,0,0,0,0,0,0,0,0,0,0,-1,-2,7,10,11,-16,-3,-10,0,9,2,9,1,-4,5,-3,-1,-11,-14,-8,5,-9,-17,2,-1,2,-9,0,3,5,-7,-4,6,-12,11,-7,10,-12,0,0,0,0,0,0,0,0,0,0,0,0,0,0,0,0,0,0,0,0,0,0,0,0,0,0,0,0,0,0,0,0,0,0,-1,9,33,-1,2,-24,-22,-3,-5,5,8,13,9,23,22,-3,-1,-2,-42,-30,1,-10,13,13,-14,7,0,0,4,18,10,7,19,-24,17,22,3,-23,0,0,0,0,0,0,0,0,0,0,0,0,0,0,0,0,0,0,0,0,0,0,0,0,0,0,0,0,0,0,0,0,0,0,0,0,0,0,0,0,0,0,0,0,0,0,0,0,0,0,0,0,0,0,0,0,0,0,0,0,0,0,0,0,0,0,0,0,0,0,0,0,0,0,0,0,0,0,0,0,0,0,0,0,0,0,0,0,0,0,0,0,0,0,0,0,0,0
08:47:43 261,-17,-15,-8,-4,-2,-1,0,-10,7,6,7,17,21,26,31,32,23,15,13,16,11,8,5,0,3,1,5,-1,-2,4,-3,-2,3,2,-7,-10,-6,0,-4,-6,3,-3,3,5,4,5,-5,4,-3,0,-3,0,0,0,0,0,0,0,0,0,0,0,0,0,0,0,0,0,0,0,0,0,5,33,19,17,20,10,16,17,13,3,6,4,-5,-4,6,15,24,18,26,40,16,27,25,17,13,5,1,-5,5,-7,-7,-5,-15,-22,-30,-46,-31,-26,-21,-42,-27,-22,-23,-3,-5,1,12,0,-17,-10,-10,0,0,0,0,0,0,0,0,0,0,0,0,0,0,0,0,0,0,0,0,0,0,-13,-7,0,-3,1,-11,-1,-7,-8,-27,-10,-2,22,33,0,8,15,17,-4,1,-12,-2,3,0,-7,-11,1,-3,10,-6,1,0,-1,-5,-10,2,13,0,0,0,0,0,0,0,0,0,0,0,0,0,0,0,0,0,0,0,0,0,0,0,0,0,0,0,0,0,0,0,0,0,0,0,5,-1,12,-16,-1,-25,-14,-20,-17,-51,-51,-64,-78,-78,-87,-87,-118,-126,-128,-87,-129,-76,-16,-18,25,27,16,16,58,76,79,94,60,117,155,135,113,0,0,0,0,0,0,0,0,0,0,0,0,0,0,0,0,0,0,0,0,0,0,0,0,0,0,0,0,0,0,0,0,0,0,0,0,0,0,0,0,0,0,0,0,0,0,0,0,0,0,0,0,0,0,0,0,0,0,0,0,0,0,0,0,0,0,0,0,0,0,0,0,0,0,0,0,0,0,0,0,0,0,0,0,0,0,0,0,0,0,0,0,0,0,0,0,0,0
08:47:43 588,-5,63,36,29,29,-10,-16,11,-38,-52,-51,-37,-30,-18,-12,4,22,17,3,28,-1,28,40,33,24,27,26,14,23,25,17,16,5,3,-10,-1,-9,0,-14,-12,-16,-21,-23,-9,0,-6,10,0,-4,-2,-4,0,0,0,0,0,0,0,0,0,0,0,0,0,0,0,0,0,0,0,0,0,-13,38,17,23,12,5,-5,4,-17,-25,-24,-30,-29,-32,-19,-23,-4,-10,-7,6,0,15,22,16,19,19,17,27,37,41,46,52,48,33,31,20,22,10,-10,-40,-39,-22,-37,-20,-20,-9,21,16,-4,14,10,0,0,0,0,0,0,0,0,0,0,0,0,0,0,0,0,0,0,0,0,0,1,-27,-28,-3,-4,5,9,1,1,0,-14,15,-8,3,15,10,-11,-2,6,-6,-10,23,8,10,7,-21,-8,-1,5,0,-17,-7,-5,13,-15,-15,-1,15,0,0,0,0,0,0,0,0,0,0,0,0,0,0,0,0,0,0,0,0,0,0,0,0,0,0,0,0,0,0,0,0,0,0,1,7,-8,3,-11,8,-12,-11,-5,16,-16,7,-3,-13,-7,-2,6,13,-1,-1,3,5,2,-3,3,-3,-1,1,1,-1,2,0,-5,7,10,0,4,-9,0,0,0,0,0,0,0,0,0,0,0,0,0,0,0,0,0,0,0,0,0,0,0,0,0,0,0,0,0,0,0,0,0,0,0,0,0,0,0,0,0,0,0,0,0,0,0,0,0,0,0,0,0,0,0,0,0,0,0,0,0,0,0,0,0,0,0,0,0,0,0,0,0,0,0,0,0,0,0,0,0,0,0,0,0,0,0,0,0,0,0,0,0,0,0,0,0,0
08:47:43 885,-12,21,6,-5,-3,-11,-14,-10,-22,-30,-30,-25,-11,26,17,30,23,27,19,24,11,16,25,21,15,9,10,13,8,16,7,-1,-3,-6,-10,-5,-9,-3,-18,-4,-9,-18,-18,-11,10,11,26,15,10,15,15,0,0,0,0,0,0,0,0,0,0,0,0,0,0,0,0,0,0,0,0,0,-17,18,13,16,11,-1,-4,5,-13,-9,-13,-7,-21,-7,-1,10,30,19,22,38,25,33,31,30,14,11,14,-2,10,4,6,9,4,-17,-1,-7,-2,-3,-10,-21,-12,2,-15,8,1,7,20,9,-8,1,12,0,0,0,0,0,0,0,0,0,0,0,0,0,0,0,0,0,0,0,0,0,0,-27,-34,-3,-5,7,-2,11,-9,9,-18,14,-12,10,5,16,-12,3,-7,-14,-5,20,8,5,6,-11,-16,-2,3,2,-3,0,-4,12,-19,-9,-1,8,0,0,0,0,0,0,0,0,0,0,0,0,0,0,0,0,0,0,0,0,0,0,0,0,0,0,0,0,0,0,0,0,0,0,0,7,-17,-3,-3,5,-5,-2,-7,6,-1,1,-6,4,-3,2,8,1,6,1,1,1,13,-2,2,4,7,-7,-2,2,-5,3,-2,7,0,-10,8,-10,0,0,0,0,0,0,0,0,0,0,0,0,0,0,0,0,0,0,0,0,0,0,0,0,0,0,0,0,0,0,0,0,0,0,0,0,0,0,0,0,0,0,0,0,0,0,0,0,0,0,0,0,0,0,0,0,0,0,0,0,0,0,0,0,0,0,0,0,0,0,0,0,0,0,0,0,0,0,0,0,0,0,0,0,0,0,0,0,0,0,0,0,0,0,0,0,0,0
08:47:44 181,-14,17,4,-3,-8,-13,-15,-3,-23,-30,-27,-22,-3,22,16,26,22,28,11,23,17,11,19,13,18,11,14,5,5,11,10,1,0,-6,-9,-8,-8,-4,-13,-3,-10,-13,-16,-5,14,7,25,16,11,19,14,0,0,0,0,0,0,0,0,0,0,0,0,0,0,0,0,0,0,0,0,0,-12,14,11,8,4,-4,-11,8,-14,-11,-11,-9,-16,-13,-1,8,17,18,30,33,22,36,27,26,17,10,9,4,11,2,11,7,-1,-4,0,-12,4,-8,-6,-18,-11,2,-15,8,4,1,23,14,-6,9,6,0,0,0,0,0,0,0,0,0,0,0,0,0,0,0,0,0,0,0,0,0,1,-27,-32,-5,-6,3,9,10,-4,6,-17,2,3,-5,6,17,-13,-5,11,-4,-10,21,8,8,7,-18,-13,1,5,-2,-6,3,-9,15,-15,-16,0,12,0,0,0,0,0,0,0,0,0,0,0,0,0,0,0,0,0,0,0,0,0,0,0,0,0,0,0,0,0,0,0,0,0,0,0,9,-8,13,-16,12,-14,-10,-1,9,-16,5,-7,-2,-1,5,1,15,6,1,6,-4,2,-9,6,-8,-1,-7,1,8,-9,-5,-4,10,13,-10,1,-2,0,0,0,0,0,0,0,0,0,0,0,0,0,0,0,0,0,0,0,0,0,0,0,0,0,0,0,0,0,0,0,0,0,0,0,0,0,0,0,0,0,0,0,0,0,0,0,0,0,0,0,0,0,0,0,0,0,0,0,0,0,0,0,0,0,0,0,0,0,0,0,0,0,0,0,0,0,0,0,0,0,0,0,0,0,0,0,0,0,0,0,0,0,0,0,0,0,0
08:47:44 477,-12,25,3,1,-11,-8,-12,-4,-29,-31,-25,-18,-2,19,20,26,32,27,20,23,13,16,15,16,16,8,16,6,8,8,5,0,-1,-9,-8,-10,-7,-5,-22,-5,-9,-19,-16,-2,9,1,23,15,8,17,17,0,0,0,0,0,0,0,0,0,0,0,0,0,0,0,0,0,0,0,0,0,-13,20,8,6,3,-14,-10,0,-10,-15,-10,-15,-16,-12,5,7,23,22,30,41,22,30,30,27,20,10,5,5,10,1,11,7,3,-6,-2,-7,1,-7,-8,-17,-14,5,-10,7,4,4,28,11,-7,4,6,0,0,0,0,0,0,0,0,0,0,0,0,0,0,0,0,0,0,0,0,0,1,-35,-30,-5,-6,9,0,5,-4,4,-12,4,-1,4,5,12,-12,-7,-12,-8,2,12,-1,7,4,-13,-7,-7,7,6,6,1,-9,21,-18,-14,-2,12,0,0,0,0,0,0,0,0,0,0,0,0,0,0,0,0,0,0,0,0,0,0,0,0,0,0,0,0,0,0,0,0,0,0,0,18,6,14,-9,6,-9,-5,-4,7,-9,0,-3,-3,-5,-1,4,11,-7,2,7,-4,0,4,2,-11,3,-16,8,0,-10,4,-8,9,2,1,6,-12,0,0,0,0,0,0,0,0,0,0,0,0,0,0,0,0,0,0,0,0,0,0,0,0,0,0,0,0,0,0,0,0,0,0,0,0,0,0,0,0,0,0,0,0,0,0,0,0,0,0,0,0,0,0,0,0,0,0,0,0,0,0,0,0,0,0,0,0,0,0,0,0,0,0,0,0,0,0,0,0,0,0,0,0,0,0,0,0,0,0,0,0,0,0,0,0,0,0
08:47:44 774,-12,16,4,-6,-7,-8,-9,-13,-24,-29,-29,-22,-1,21,12,24,29,26,18,22,14,11,15,18,12,11,9,10,7,15,8,5,-9,-8,-11,-3,-13,-3,-14,-2,-11,-17,-19,-1,12,11,29,15,15,22,13,0,0,0,0,0,0,0,0,0,0,0,0,0,0,0,0,0,0,0,0,0,-14,12,9,6,0,-6,-12,2,-17,-9,-14,-6,-14,-10,2,7,23,18,23,35,24,33,24,26,15,14,3,5,13,4,8,9,2,-11,2,-10,-4,-3,-2,-21,-21,1,-9,6,1,8,29,9,-1,0,6,0,0,0,0,0,0,0,0,0,0,0,0,0,0,0,0,0,0,0,0,0,0,-6,-25,9,-9,11,6,6,-3,6,-8,13,-9,5,7,17,-10,-4,-1,-5,-10,21,9,2,2,-3,-6,5,-4,6,-10,-2,-7,20,-4,-21,2,12,0,0,0,0,0,0,0,0,0,0,0,0,0,0,0,0,0,0,0,0,0,0,0,0,0,0,0,0,0,0,0,0,0,0,0,4,2,10,-12,18,-6,-9,-3,10,-3,2,-3,-1,4,6,-2,14,8,0,4,2,18,8,3,-14,4,-13,3,6,-1,-4,1,2,11,-1,0,-6,0,0,0,0,0,0,0,0,0,0,0,0,0,0,0,0,0,0,0,0,0,0,0,0,0,0,0,0,0,0,0,0,0,0,0,0,0,0,0,0,0,0,0,0,0,0,0,0,0,0,0,0,0,0,0,0,0,0,0,0,0,0,0,0,0,0,0,0,0,0,0,0,0,0,0,0,0,0,0,0,0,0,0,0,0,0,0,0,0,0,0,0,0,0,0,0,0,0
08:47:45 070,-12,16,5,3,-11,-10,-9,-5,-29,-35,-28,-16,-3,21,21,21,20,26,18,17,15,17,12,10,14,17,11,6,6,11,11,3,-3,-15,-10,-6,-10,1,-13,-5,-9,-14,-20,-1,11,11,29,13,14,15,15,0,0,0,0,0,0,0,0,0,0,0,0,0,0,0,0,0,0,0,0,0,-13,16,10,11,-2,-5,-13,3,-15,-11,-14,-10,-17,-15,-3,6,24,21,22,45,17,28,27,28,18,10,5,2,8,1,13,6,7,-8,0,-6,-4,-5,-6,-19,-18,0,-8,8,0,6,27,11,-7,-3,10,0,0,0,0,0,0,0,0,0,0,0,0,0,0,0,0,0,0,0,0,0,0,-7,-9,-3,-5,7,12,10,-6,9,-7,6,-1,-1,15,15,-10,-2,-10,-9,-5,22,8,3,4,-17,-2,-4,7,3,-5,0,-10,20,-20,-12,-4,18,0,0,0,0,0,0,0,0,0,0,0,0,0,0,0,0,0,0,0,0,0,0,0,0,0,0,0,0,0,0,0,0,0,0,0,14,-7,5,-8,7,-5,-10,-1,7,-13,8,-9,-3,1,9,6,-1,2,-2,4,7,3,-6,4,-7,9,-6,3,1,0,1,-5,7,4,-16,11,-9,0,0,0,0,0,0,0,0,0,0,0,0,0,0,0,0,0,0,0,0,0,0,0,0,0,0,0,0,0,0,0,0,0,0,0,0,0,0,0,0,0,0,0,0,0,0,0,0,0,0,0,0,0,0,0,0,0,0,0,0,0,0,0,0,0,0,0,0,0,0,0,0,0,0,0,0,0,0,0,0,0,0,0,0,0,0,0,0,0,0,0,0,0,0,0,0,0,0
08:47:45 367,-12,15,4,-2,-7,-10,-13,-6,-25,-30,-27,-23,-6,19,19,28,20,30,20,22,13,17,21,15,13,10,15,7,8,15,5,10,-4,-5,-16,-7,-10,4,-21,-5,-16,-22,-22,-2,14,7,24,16,10,20,11,0,0,0,0,0,0,0,0,0,0,0,0,0,0,0,0,0,0,0,0,0,-14,31,10,12,-1,-3,-4,4,-12,-8,-16,-9,-17,-5,-3,3,16,21,27,34,20,36,27,28,21,17,3,6,8,4,11,17,2,-5,5,-7,-2,-4,-9,-15,-19,6,-10,8,3,10,23,6,-1,6,3,0,0,0,0,0,0,0,0,0,0,0,0,0,0,0,0,0,0,0,0,0,1,-17,-12,0,-9,6,6,12,-5,6,-1,10,-10,9,11,13,-10,-4,-1,5,-11,17,7,-1,7,-12,-4,2,3,3,-1,3,-12,21,-12,-16,2,13,0,0,0,0,0,0,0,0,0,0,0,0,0,0,0,0,0,0,0,0,0,0,0,0,0,0,0,0,0,0,0,0,0,0,0,10,-1,14,-17,18,-1,-14,-4,20,1,1,-3,-3,-7,13,3,4,8,0,1,1,4,-6,6,-1,1,-5,2,1,-7,0,-3,8,0,-4,4,-8,0,0,0,0,0,0,0,0,0,0,0,0,0,0,0,0,0,0,0,0,0,0,0,0,0,0,0,0,0,0,0,0,0,0,0,0,0,0,0,0,0,0,0,0,0,0,0,0,0,0,0,0,0,0,0,0,0,0,0,0,0,0,0,0,0,0,0,0,0,0,0,0,0,0,0,0,0,0,0,0,0,0,0,0,0,0,0,0,0,0,0,0,0,0,0,0,0,0
08:47:45 663,-11,16,-2,-6,-6,-8,-10,-12,-29,-32,-29,-24,-6,18,14,27,27,26,23,22,12,18,21,12,11,10,14,7,8,14,11,5,0,-8,-7,-2,-8,-2,-15,-3,-15,-12,-20,-7,10,11,27,12,11,20,16,0,0,0,0,0,0,0,0,0,0,0,0,0,0,0,0,0,0,0,0,0,-15,28,7,12,6,-3,-8,3,-10,-11,-13,-7,-12,-6,0,-1,18,22,32,33,19,36,37,24,19,11,4,4,13,6,10,5,1,-10,3,-8,3,-4,-13,-15,-17,1,-14,5,3,6,26,4,-2,-1,6,0,0,0,0,0,0,0,0,0,0,0,0,0,0,0,0,0,0,0,0,0,0,-12,-17,3,-13,16,10,6,0,5,-20,9,-11,11,11,15,-8,-4,-8,-3,-7,14,19,5,4,-5,-2,0,3,-1,-2,0,-6,18,-22,-17,-1,14,0,0,0,0,0,0,0,0,0,0,0,0,0,0,0,0,0,0,0,0,0,0,0,0,0,0,0,0,0,0,0,0,0,0,0,10,2,4,-6,0,0,-3,-9,15,-4,-7,-3,0,-5,-3,6,11,8,1,4,-1,0,3,7,-11,-1,-2,3,-5,-4,2,-3,6,0,-14,6,-5,0,0,0,0,0,0,0,0,0,0,0,0,0,0,0,0,0,0,0,0,0,0,0,0,0,0,0,0,0,0,0,0,0,0,0,0,0,0,0,0,0,0,0,0,0,0,0,0,0,0,0,0,0,0,0,0,0,0,0,0,0,0,0,0,0,0,0,0,0,0,0,0,0,0,0,0,0,0,0,0,0,0,0,0,0,0,0,0,0,0,0,0,0,0,0,0,0,0
08:47:45 959,-12,17,-3,-7,-10,-5,-7,-9,-25,-35,-27,-19,-7,17,18,23,24,29,13,18,17,12,16,14,13,10,10,8,3,10,5,3,-7,-12,-17,-9,-10,-1,-18,-6,-13,-13,-19,-5,14,6,23,8,11,16,16,0,0,0,0,0,0,0,0,0,0,0,0,0,0,0,0,0,0,0,0,0,-13,23,13,5,4,-1,-9,3,-12,-13,-9,-13,-11,-12,3,5,16,20,31,39,16,37,29,31,19,16,10,6,10,6,2,9,4,-7,4,-7,0,0,-7,-26,-18,0,-11,4,-1,5,30,11,-8,5,2,0,0,0,0,0,0,0,0,0,0,0,0,0,0,0,0,0,0,0,0,0,0,-18,-34,2,-3,4,10,4,-1,1,-17,6,-3,2,7,4,-4,-7,0,-9,-2,13,15,12,-3,-7,-1,1,4,3,-6,5,-13,19,-13,-17,1,13,0,0,0,0,0,0,0,0,0,0,0,0,0,0,0,0,0,0,0,0,0,0,0,0,0,0,0,0,0,0,0,0,0,0,0,21,12,10,-10,10,-6,-7,-1,6,-14,4,-2,-7,-4,2,-1,13,1,0,9,-3,3,2,2,-10,1,-9,5,1,-4,6,-7,5,12,-7,3,-5,0,0,0,0,0,0,0,0,0,0,0,0,0,0,0,0,0,0,0,0,0,0,0,0,0,0,0,0,0,0,0,0,0,0,0,0,0,0,0,0,0,0,0,0,0,0,0,0,0,0,0,0,0,0,0,0,0,0,0,0,0,0,0,0,0,0,0,0,0,0,0,0,0,0,0,0,0,0,0,0,0,0,0,0,0,0,0,0,0,0,0,0,0,0,0,0,0,0
08:47:46 256,-12,15,5,-5,-8,-9,-12,-12,-31,-35,-26,-28,-3,21,17,29,28,23,18,17,14,21,13,10,15,9,14,8,9,9,4,-2,1,-12,-11,-11,-10,-7,-14,-5,-9,-20,-22,-1,10,8,22,11,14,17,14,0,0,0,0,0,0,0,0,0,0,0,0,0,0,0,0,0,0,0,0,0,-12,21,5,5,6,-9,-13,3,-12,-14,-11,-8,-13,-8,-1,6,19,25,31,32,22,35,31,34,15,3,12,6,8,6,11,11,2,-4,-3,-11,1,-7,-4,-17,-16,6,-13,2,9,2,28,15,-5,8,3,0,0,0,0,0,0,0,0,0,0,0,0,0,0,0,0,0,0,0,0,0,0,-13,-35,-5,0,3,11,9,-8,6,-8,13,-7,5,4,12,-10,-1,-9,-9,-10,28,13,3,6,-9,-12,-3,7,-4,-9,1,-7,12,-27,-16,-2,18,0,0,0,0,0,0,0,0,0,0,0,0,0,0,0,0,0,0,0,0,0,0,0,0,0,0,0,0,0,0,0,0,0,0,0,14,-6,8,-9,3,-11,-1,-4,13,-20,14,-4,-11,-5,-4,10,0,9,2,3,-3,2,11,6,-22,-7,-11,-4,10,-16,5,-6,8,2,4,3,-9,0,0,0,0,0,0,0,0,0,0,0,0,0,0,0,0,0,0,0,0,0,0,0,0,0,0,0,0,0,0,0,0,0,0,0,0,0,0,0,0,0,0,0,0,0,0,0,0,0,0,0,0,0,0,0,0,0,0,0,0,0,0,0,0,0,0,0,0,0,0,0,0,0,0,0,0,0,0,0,0,0,0,0,0,0,0,0,0,0,0,0,0,0,0,0,0,0,0
08:47:46 568,-12,17,5,-1,-11,-10,-6,-10,-28,-28,-26,-28,-3,21,18,25,27,23,20,20,18,17,18,20,11,19,22,6,7,19,8,5,-2,-5,-9,-5,-9,-3,-17,-4,-7,-18,-20,-14,9,12,26,7,10,13,16,0,0,0,0,0,0,0,0,0,0,0,0,0,0,0,0,0,0,0,0,0,-13,14,4,-5,2,-9,-19,0,-9,-19,-10,-13,-20,-14,1,5,23,20,26,40,23,35,28,27,17,12,9,2,13,9,10,18,3,-5,0,-14,3,-5,-7,-16,-16,2,-10,4,3,1,19,10,-9,2,0,0,0,0,0,0,0,0,0,0,0,0,0,0,0,0,0,0,0,0,0,0,1,-22,-31,5,-11,3,2,18,-5,0,-17,-3,-3,13,1,10,-11,0,2,-11,-7,21,18,-1,3,-8,-8,-3,8,3,-10,0,-13,19,-20,-11,0,13,0,0,0,0,0,0,0,0,0,0,0,0,0,0,0,0,0,0,0,0,0,0,0,0,0,0,0,0,0,0,0,0,0,0,0,11,3,7,-10,10,-1,-5,1,5,-21,0,-5,-4,-8,-7,10,1,13,-13,10,3,1,0,1,-2,8,-10,-4,6,-8,8,-4,3,1,-5,4,-8,0,0,0,0,0,0,0,0,0,0,0,0,0,0,0,0,0,0,0,0,0,0,0,0,0,0,0,0,0,0,0,0,0,0,0,0,0,0,0,0,0,0,0,0,0,0,0,0,0,0,0,0,0,0,0,0,0,0,0,0,0,0,0,0,0,0,0,0,0,0,0,0,0,0,0,0,0,0,0,0,0,0,0,0,0,0,0,0,0,0,0,0,0,0,0,0,0,0
08:47:46 880,-15,14,-3,-5,-14,-16,-15,-11,-33,-37,-36,-33,-15,11,15,27,22,19,19,21,19,22,28,31,32,46,60,75,86,123,135,137,136,120,93,62,35,28,-4,-4,-8,-22,-32,-15,0,-10,10,-3,-5,-3,1,0,0,0,0,0,0,0,0,0,0,0,0,0,0,0,0,0,0,0,0,0,-17,24,3,1,-4,-15,-16,1,-23,-19,-19,-11,-25,-17,-7,2,15,15,20,36,17,30,36,38,39,41,58,91,135,177,241,279,288,232,182,106,62,33,12,-15,-25,-11,-27,-15,-15,-9,7,-9,-24,-13,-12,0,0,0,0,0,0,0,0,0,0,0,0,0,0,0,0,0,0,0,0,0,-1,-6,41,166,371,704,724,386,151,42,-12,-16,-45,-31,-38,-14,-43,-32,-21,-19,-11,22,-5,4,7,-22,-9,-3,4,10,-14,-3,-8,18,-10,-19,0,14,0,0,0,0,0,0,0,0,0,0,0,0,0,0,0,0,0,0,0,0,0,0,0,0,0,0,0,0,0,0,0,0,0,0,-63,-40,-58,-24,42,412,3230,2899,411,70,-32,-43,-63,9,-1,-9,6,13,-7,4,3,0,9,-1,2,-3,-2,-13,3,8,1,1,-6,5,6,-5,1,-1,0,0,0,0,0,0,0,0,0,0,0,0,0,0,0,0,0,0,0,0,0,0,0,0,0,0,0,0,0,0,0,0,0,0,0,0,0,0,0,0,0,0,0,0,0,0,0,0,0,0,0,0,0,0,0,0,0,0,0,0,0,0,0,0,0,0,0,0,0,0,0,0,0,0,0,0,0,0,0,0,0,0,0,0,0,0,0,0,0,0,0,0,0,0,0,0,0,0
08:47:47 223,-10,16,-9,-7,-17,-25,-24,-22,-37,-37,-37,-32,-14,17,9,19,17,20,16,17,9,20,16,16,14,25,-5,-2,9,35,91,289,3184,2146,408,102,-2,-15,-38,-6,-11,-23,-26,-8,6,-2,17,4,2,8,11,0,0,0,0,0,0,0,0,0,0,0,0,0,0,0,0,0,0,0,0,0,-13,21,6,0,-5,-14,-17,-3,-20,-20,-16,-12,-18,-20,-7,-1,19,9,14,34,13,28,31,22,20,8,16,-12,4,13,64,204,1316,3952,734,162,21,-20,-34,-50,-22,-7,-22,-15,-9,-7,16,-2,-16,-5,-2,0,0,0,0,0,0,0,0,0,0,0,0,0,0,0,0,0,0,0,0,0,3,-28,-30,-11,-8,8,-2,7,-1,2,-6,5,-7,4,-18,-5,-23,-26,-32,-34,-17,-53,-29,-2,49,129,288,539,685,535,273,115,26,-4,15,-5,-2,10,0,0,0,0,0,0,0,0,0,0,0,0,0,0,0,0,0,0,0,0,0,0,0,0,0,0,0,0,0,0,0,0,0,0,0,19,3,7,-9,6,-10,-8,-3,17,-5,-1,-6,-2,2,-4,6,8,2,3,2,-5,-17,-7,5,-10,3,-9,-3,5,3,6,6,14,15,9,3,-15,0,0,0,0,0,0,0,0,0,0,0,0,0,0,0,0,0,0,0,0,0,0,0,0,0,0,0,0,0,0,0,0,0,0,0,0,0,0,0,0,0,0,0,0,0,0,0,0,0,0,0,0,0,0,0,0,0,0,0,0,0,0,0,0,0,0,0,0,0,0,0,0,0,0,0,0,0,0,0,0,0,0,0,0,0,0,0,0,0,0,0,0,0,0,0,0,0,0
08:47:47 769,61,185,127,121,107,76,43,41,-24,-30,-17,-16,-2,15,16,13,9,13,6,-3,-7,-13,-17,-14,-18,-15,3,10,0,7,-1,-11,-11,-5,-20,-17,-17,-1,-16,-14,-21,-12,-30,-15,0,1,9,12,18,47,52,0,0,0,0,0,0,0,0,0,0,0,0,0,0,0,0,0,0,0,0,0,43,84,58,49,43,12,-2,-1,-31,-46,-44,-36,-28,-37,-17,-3,14,14,26,38,20,30,25,19,6,12,2,1,9,2,0,-3,1,0,3,-9,5,-15,-1,-24,-22,1,-1,5,4,10,16,6,-13,4,-14,0,0,0,0,0,0,0,0,0,0,0,0,0,0,0,0,0,0,0,0,0,-1,-23,-16,3,-2,1,-1,13,-4,0,-4,8,-4,3,6,18,-12,0,-5,-11,-3,1,9,9,-6,-5,-18,-1,4,5,-1,10,-7,12,-6,-16,7,7,0,0,0,0,0,0,0,0,0,0,0,0,0,0,0,0,0,0,0,0,0,0,0,0,0,0,0,0,0,0,0,0,0,0,1,13,-1,2,-7,6,3,-8,-4,14,-6,11,-16,6,4,-1,-1,13,4,6,0,4,4,-15,15,-10,1,-5,6,-7,-9,9,-8,6,3,0,7,-13,0,0,0,0,0,0,0,0,0,0,0,0,0,0,0,0,0,0,0,0,0,0,0,0,0,0,0,0,0,0,0,0,0,0,0,0,0,0,0,0,0,0,0,0,0,0,0,0,0,0,0,0,0,0,0,0,0,0,0,0,0,0,0,0,0,0,0,0,0,0,0,0,0,0,0,0,0,0,0,0,0,0,0,0,0,0,0,0,0,0,0,0,0,0,0,0,0,0
08:47:48 221,-12,14,-7,-10,-13,-9,-9,-8,-32,-30,-24,-26,-8,22,14,30,24,27,16,23,15,21,20,14,12,17,11,10,10,19,7,3,-4,-7,-13,-11,-15,-2,-16,-9,-7,-15,-22,-5,13,8,27,10,18,20,16,0,0,0,0,0,0,0,0,0,0,0,0,0,0,0,0,0,0,0,0,0,-71,-47,-5,-10,-4,14,15,-15,4,62,49,53,59,64,75,70,82,72,78,86,76,88,86,98,103,124,151,176,201,203,225,232,236,223,237,220,215,202,196,174,170,163,154,150,130,132,128,102,89,89,86,0,0,0,0,0,0,0,0,0,0,0,0,0,0,0,0,0,0,0,0,0,0,-22,-16,14,-16,5,2,9,-2,8,-25,5,-9,6,20,11,-7,-1,-8,-12,0,10,6,-5,4,-1,-5,-3,1,6,-7,-2,-1,6,-21,-12,2,9,0,0,0,0,0,0,0,0,0,0,0,0,0,0,0,0,0,0,0,0,0,0,0,0,0,0,0,0,0,0,0,0,0,0,2,15,-10,11,-5,8,-10,-18,-5,-3,-13,-2,-9,-2,1,-14,12,24,15,6,11,-22,-5,-1,-2,-2,-2,-16,4,16,-4,3,2,-9,16,0,-2,-3,0,0,0,0,0,0,0,0,0,0,0,0,0,0,0,0,0,0,0,0,0,0,0,0,0,0,0,0,0,0,0,0,0,0,0,0,0,0,0,0,0,0,0,0,0,0,0,0,0,0,0,0,0,0,0,0,0,0,0,0,0,0,0,0,0,0,0,0,0,0,0,0,0,0,0,0,0,0,0,0,0,0,0,0,0,0,0,0,0,0,0,0,0,0,0,0,0,0
08:47:48 565,-21,120,57,43,39,-3,-18,8,-47,-63,-67,-38,-32,-27,-36,-22,0,-12,-23,18,-11,21,25,52,54,101,78,103,144,155,151,145,132,133,126,132,125,140,133,139,146,137,135,149,165,161,173,164,159,158,153,0,0,0,0,0,0,0,0,0,0,0,0,0,0,0,0,0,0,0,0,0,16,-22,-2,-3,1,4,18,5,24,23,25,27,23,40,51,54,55,57,69,57,52,55,45,23,24,-13,-16,-20,-31,-45,-56,-73,-79,-88,-84,-99,-102,-81,-68,-73,-48,-41,-40,-39,-26,-38,-33,-40,-46,-49,-37,0,0,0,0,0,0,0,0,0,0,0,0,0,0,0,0,0,0,0,0,0,-5,35,31,18,9,19,13,29,2,-1,-36,-19,-11,-19,-18,-33,-8,7,-9,-6,1,2,6,19,-4,2,-3,1,1,23,10,-5,1,13,-2,2,3,7,0,0,0,0,0,0,0,0,0,0,0,0,0,0,0,0,0,0,0,0,0,0,0,0,0,0,0,0,0,0,0,0,0,0,1,1,8,14,-2,5,15,-12,14,6,30,-18,-1,-18,-9,-50,15,-1,2,-13,9,-16,-8,-4,-11,-8,35,18,-26,50,38,18,6,-6,30,57,19,-46,0,0,0,0,0,0,0,0,0,0,0,0,0,0,0,0,0,0,0,0,0,0,0,0,0,0,0,0,0,0,0,0,0,0,0,0,0,0,0,0,0,0,0,0,0,0,0,0,0,0,0,0,0,0,0,0,0,0,0,0,0,0,0,0,0,0,0,0,0,0,0,0,0,0,0,0,0,0,0,0,0,0,0,0,0,0,0,0,0,0,0,0,0,0,0,0,0,0
08:47:48 877,-17,22,11,-1,1,-8,-10,-10,-19,-31,-27,-22,-3,19,20,27,28,18,23,18,12,20,17,16,16,10,8,13,10,13,9,2,-8,-6,-10,-7,-15,-2,-15,-11,-9,-17,-23,-1,7,7,23,15,13,19,15,0,0,0,0,0,0,0,0,0,0,0,0,0,0,0,0,0,0,0,0,0,6,46,19,19,22,7,-2,21,2,-10,-5,-9,-18,-23,-14,-9,2,1,1,13,-5,17,2,2,-8,-1,-15,-18,-6,-13,-16,-12,-19,-26,-27,-20,-16,-12,-12,-15,-13,7,3,26,14,20,35,11,-11,9,13,0,0,0,0,0,0,0,0,0,0,0,0,0,0,0,0,0,0,0,0,0,0,-15,-22,0,-8,7,18,13,-5,9,-15,5,-10,14,13,7,-10,3,3,-7,-8,19,6,9,8,-18,-12,9,-5,7,-8,2,-3,12,-12,-8,-2,9,0,0,0,0,0,0,0,0,0,0,0,0,0,0,0,0,0,0,0,0,0,0,0,0,0,0,0,0,0,0,0,0,0,0,1,12,3,13,-21,21,11,-14,-6,22,-10,-3,-4,3,4,9,3,8,7,-2,5,-2,5,4,5,-13,-4,-9,-2,10,-4,2,-2,5,13,1,9,-18,0,0,0,0,0,0,0,0,0,0,0,0,0,0,0,0,0,0,0,0,0,0,0,0,0,0,0,0,0,0,0,0,0,0,0,0,0,0,0,0,0,0,0,0,0,0,0,0,0,0,0,0,0,0,0,0,0,0,0,0,0,0,0,0,0,0,0,0,0,0,0,0,0,0,0,0,0,0,0,0,0,0,0,0,0,0,0,0,0,0,0,0,0,0,0,0,0,0
08:47:49 173,-12,12,1,-3,-4,-12,-11,-6,-25,-28,-29,-20,-2,18,16,29,29,24,22,24,11,19,13,14,14,13,9,8,6,15,10,2,-2,-11,-10,-8,-7,1,-12,-6,-9,-18,-23,-4,9,6,27,14,9,19,16,0,0,0,0,0,0,0,0,0,0,0,0,0,0,0,0,0,0,0,0,0,-12,16,9,6,-3,-4,-13,7,-15,-15,-11,-5,-26,-13,-4,-2,18,18,19,32,17,30,27,17,12,1,7,6,1,-9,0,4,-8,-15,-16,-22,12,16,-1,-7,-13,8,-2,18,7,15,36,17,-5,12,14,0,0,0,0,0,0,0,0,0,0,0,0,0,0,0,0,0,0,0,0,0,1,-30,-26,0,-11,6,4,18,-7,3,-9,8,-3,-4,9,16,-10,0,-6,-4,-9,14,-5,5,7,-17,-5,5,3,4,-2,-3,-5,9,-19,-15,3,6,0,0,0,0,0,0,0,0,0,0,0,0,0,0,0,0,0,0,0,0,0,0,0,0,0,0,0,0,0,0,0,0,0,0,0,11,-4,0,-3,3,-7,-5,-8,9,-13,12,-6,-4,0,-4,4,11,-4,-8,8,0,2,-1,6,-8,3,-13,1,8,-4,5,-8,10,6,0,8,-16,0,0,0,0,0,0,0,0,0,0,0,0,0,0,0,0,0,0,0,0,0,0,0,0,0,0,0,0,0,0,0,0,0,0,0,0,0,0,0,0,0,0,0,0,0,0,0,0,0,0,0,0,0,0,0,0,0,0,0,0,0,0,0,0,0,0,0,0,0,0,0,0,0,0,0,0,0,0,0,0,0,0,0,0,0,0,0,0,0,0,0,0,0,0,0,0,0,0
08:47:49 485,-12,13,2,-10,-12,1,-14,-8,-29,-35,-27,-18,-4,21,20,21,32,20,19,19,17,19,13,10,15,5,13,11,12,9,3,3,-8,-4,-12,-8,-12,-5,-16,-2,-9,-20,-16,-7,14,11,23,10,13,15,15,0,0,0,0,0,0,0,0,0,0,0,0,0,0,0,0,0,0,0,0,0,-14,18,13,11,6,-5,-9,8,-11,-5,-9,-7,-15,-11,0,10,20,24,28,37,27,36,32,22,20,10,17,12,15,7,12,13,7,1,11,-3,-3,-8,-15,-23,-22,-4,-17,3,-1,0,21,12,-11,4,4,0,0,0,0,0,0,0,0,0,0,0,0,0,0,0,0,0,0,0,0,0,0,-19,-37,-6,-3,7,-7,0,1,3,-23,6,-4,2,3,22,-14,-4,-6,-9,-12,27,15,5,1,-5,-11,7,5,0,-15,1,-6,6,-15,-13,-9,20,0,0,0,0,0,0,0,0,0,0,0,0,0,0,0,0,0,0,0,0,0,0,0,0,0,0,0,0,0,0,0,0,0,0,0,10,-2,11,-10,11,-14,-8,-2,8,-16,1,-8,0,1,3,3,9,-6,12,1,2,6,-1,4,-9,-7,-9,2,2,0,10,-11,9,1,-7,10,-14,0,0,0,0,0,0,0,0,0,0,0,0,0,0,0,0,0,0,0,0,0,0,0,0,0,0,0,0,0,0,0,0,0,0,0,0,0,0,0,0,0,0,0,0,0,0,0,0,0,0,0,0,0,0,0,0,0,0,0,0,0,0,0,0,0,0,0,0,0,0,0,0,0,0,0,0,0,0,0,0,0,0,0,0,0,0,0,0,0,0,0,0,0,0,0,0,0,0
08:47:49 781,-11,16,-6,-6,-6,-5,-11,-12,-27,-31,-26,-25,-6,19,22,23,29,30,17,20,20,16,16,23,16,19,12,12,3,14,10,-3,-9,-7,-5,-7,-14,-4,-12,-4,-10,-14,-21,-3,9,5,19,15,14,15,17,0,0,0,0,0,0,0,0,0,0,0,0,0,0,0,0,0,0,0,0,0,-10,13,9,7,-3,-12,-23,3,-15,-9,-6,-10,-20,-13,0,2,20,20,29,37,16,35,22,28,17,8,8,4,11,6,11,6,-3,-3,3,-9,3,-1,-6,-18,-16,7,-16,6,1,3,24,14,-3,8,6,0,0,0,0,0,0,0,0,0,0,0,0,0,0,0,0,0,0,0,0,0,0,-24,-25,9,-13,11,15,10,-5,5,-14,1,-3,5,1,15,-14,5,-4,-4,-8,14,4,13,2,-13,-5,-2,6,-1,-14,-5,-1,13,-13,-24,1,16,0,0,0,0,0,0,0,0,0,0,0,0,0,0,0,0,0,0,0,0,0,0,0,0,0,0,0,0,0,0,0,0,0,0,1,9,-4,13,-15,6,-9,-15,-5,20,-7,4,-8,3,2,3,5,4,-4,-1,8,-9,4,4,8,-18,-4,0,-6,9,-1,-11,3,6,3,-3,4,-7,0,0,0,0,0,0,0,0,0,0,0,0,0,0,0,0,0,0,0,0,0,0,0,0,0,0,0,0,0,0,0,0,0,0,0,0,0,0,0,0,0,0,0,0,0,0,0,0,0,0,0,0,0,0,0,0,0,0,0,0,0,0,0,0,0,0,0,0,0,0,0,0,0,0,0,0,0,0,0,0,0,0,0,0,0,0,0,0,0,0,0,0,0,0,0,0,0,0
08:47:50 078,-10,7,2,-7,-12,-11,-12,-10,-24,-34,-30,-23,-4,19,17,30,25,25,23,22,8,18,15,21,13,14,10,7,6,13,3,-1,2,-8,-12,-11,-7,1,-14,-9,-6,-15,-19,-7,7,6,18,16,13,19,14,0,0,0,0,0,0,0,0,0,0,0,0,0,0,0,0,0,0,0,0,0,-13,21,8,6,1,-5,-9,6,-14,-17,-6,-7,-11,-7,2,7,20,16,17,41,19,39,32,27,14,16,5,1,10,4,7,8,5,-8,-2,-3,-1,-5,-13,-23,-15,3,-7,5,3,2,23,8,-5,2,8,0,0,0,0,0,0,0,0,0,0,0,0,0,0,0,0,0,0,0,0,0,1,-16,-26,-6,-5,2,7,4,-2,9,-9,12,-16,16,10,17,-11,-1,1,-9,-8,21,11,7,2,-11,-5,7,3,1,5,1,-13,17,-18,-5,-1,11,0,0,0,0,0,0,0,0,0,0,0,0,0,0,0,0,0,0,0,0,0,0,0,0,0,0,0,0,0,0,0,0,0,0,0,23,-1,19,-15,9,-7,-1,-10,19,-12,6,-12,4,5,-2,3,13,4,-6,6,7,1,-5,8,-12,-5,-7,-1,3,-3,-1,-2,9,6,2,3,-10,0,0,0,0,0,0,0,0,0,0,0,0,0,0,0,0,0,0,0,0,0,0,0,0,0,0,0,0,0,0,0,0,0,0,0,0,0,0,0,0,0,0,0,0,0,0,0,0,0,0,0,0,0,0,0,0,0,0,0,0,0,0,0,0,0,0,0,0,0,0,0,0,0,0,0,0,0,0,0,0,0,0,0,0,0,0,0,0,0,0,0,0,0,0,0,0,0,0
08:47:50 390,-12,13,5,-6,-6,-9,-12,-5,-27,-34,-27,-26,0,25,19,28,27,25,23,20,23,15,19,12,16,13,11,8,2,11,5,9,-7,-7,-6,-7,-11,-3,-13,0,-7,-18,-18,3,12,6,29,16,14,21,10,0,0,0,0,0,0,0,0,0,0,0,0,0,0,0,0,0,0,0,0,0,-16,27,10,14,8,-6,-10,6,-12,-11,-3,-10,-13,-12,4,7,20,24,31,37,25,38,29,31,17,11,5,9,5,5,16,9,3,-8,1,-7,4,0,-6,-17,-18,2,-9,10,6,2,28,6,-6,6,5,0,0,0,0,0,0,0,0,0,0,0,0,0,0,0,0,0,0,0,0,0,0,-7,-7,-8,-1,7,10,12,-12,14,-1,6,-11,17,12,10,-10,1,-11,-10,-4,12,4,6,5,-9,-11,3,-6,10,-2,-3,-3,16,-13,-26,0,16,0,0,0,0,0,0,0,0,0,0,0,0,0,0,0,0,0,0,0,0,0,0,0,0,0,0,0,0,0,0,0,0,0,0,0,17,0,13,-9,10,-9,-13,-2,13,-7,0,-6,1,3,3,5,5,-1,2,10,-8,6,-5,7,-17,-1,-7,5,-1,-12,4,-5,6,9,3,3,-9,0,0,0,0,0,0,0,0,0,0,0,0,0,0,0,0,0,0,0,0,0,0,0,0,0,0,0,0,0,0,0,0,0,0,0,0,0,0,0,0,0,0,0,0,0,0,0,0,0,0,0,0,0,0,0,0,0,0,0,0,0,0,0,0,0,0,0,0,0,0,0,0,0,0,0,0,0,0,0,0,0,0,0,0,0,0,0,0,0,0,0,0,0,0,0,0,0,0
08:47:50 686,-12,21,5,-2,-3,-5,-8,-9,-28,-31,-32,-23,3,24,19,27,28,28,22,17,13,15,10,15,15,11,8,10,0,15,12,5,-8,-12,-15,-6,-10,0,-16,-7,-13,-21,-23,-7,8,9,19,16,9,12,20,0,0,0,0,0,0,0,0,0,0,0,0,0,0,0,0,0,0,0,0,0,-13,21,12,6,2,-6,-7,2,-11,-15,-12,-9,-14,-6,-3,6,20,22,30,30,18,37,30,26,20,10,11,4,10,6,4,5,3,-7,5,-6,1,-5,-4,-17,-18,-3,-10,2,7,5,20,17,-8,7,9,0,0,0,0,0,0,0,0,0,0,0,0,0,0,0,0,0,0,0,0,0,0,-26,-28,4,-3,0,10,7,-9,12,-8,7,-7,6,6,5,-2,-5,0,-1,-7,10,13,11,2,-14,-13,5,1,5,-6,2,-9,16,-17,-20,0,14,0,0,0,0,0,0,0,0,0,0,0,0,0,0,0,0,0,0,0,0,0,0,0,0,0,0,0,0,0,0,0,0,0,0,0,18,-6,4,-8,12,-6,-11,-5,15,-8,4,-7,1,14,7,2,14,-1,7,0,4,4,2,2,-14,4,-8,4,3,-9,5,-6,7,7,-4,7,-11,0,0,0,0,0,0,0,0,0,0,0,0,0,0,0,0,0,0,0,0,0,0,0,0,0,0,0,0,0,0,0,0,0,0,0,0,0,0,0,0,0,0,0,0,0,0,0,0,0,0,0,0,0,0,0,0,0,0,0,0,0,0,0,0,0,0,0,0,0,0,0,0,0,0,0,0,0,0,0,0,0,0,0,0,0,0,0,0,0,0,0,0,0,0,0,0,0,0
08:47:50 983,-8,11,-2,-11,-17,-9,-19,-8,-28,-35,-32,-27,-5,17,18,28,21,28,9,21,12,12,21,7,12,11,8,8,6,17,10,5,-2,-9,-15,-5,-11,-3,-18,-7,-11,-17,-21,1,13,8,20,17,17,9,14,0,0,0,0,0,0,0,0,0,0,0,0,0,0,0,0,0,0,0,0,0,-14,21,4,-3,4,-2,-10,1,-12,-13,-8,-11,-20,-14,0,13,19,13,24,33,25,36,19,22,17,11,4,0,5,0,3,2,-2,-14,-8,-9,6,-2,-1,-13,-15,8,-13,9,7,10,30,10,-4,10,7,0,0,0,0,0,0,0,0,0,0,0,0,0,0,0,0,0,0,0,0,0,0,-15,-27,0,-7,12,14,15,-11,8,-7,11,-9,8,14,11,-13,6,-9,-8,-10,23,7,2,7,-12,-4,-2,5,6,-11,-3,-8,17,-23,-11,-4,16,0,0,0,0,0,0,0,0,0,0,0,0,0,0,0,0,0,0,0,0,0,0,0,0,0,0,0,0,0,0,0,0,0,0,1,12,3,9,-15,6,-2,-5,-1,4,-6,7,-5,-4,-2,-1,3,12,-9,5,6,-4,-5,-3,7,-12,2,-7,3,0,-5,7,-10,5,4,-2,2,-7,0,0,0,0,0,0,0,0,0,0,0,0,0,0,0,0,0,0,0,0,0,0,0,0,0,0,0,0,0,0,0,0,0,0,0,0,0,0,0,0,0,0,0,0,0,0,0,0,0,0,0,0,0,0,0,0,0,0,0,0,0,0,0,0,0,0,0,0,0,0,0,0,0,0,0,0,0,0,0,0,0,0,0,0,0,0,0,0,0,0,0,0,0,0,0,0,0,0
08:47:51 279,-15,15,4,-7,-15,-17,-19,-16,-33,-42,-36,-33,-6,16,9,15,14,14,12,11,2,1,6,5,8,-3,3,-1,-5,4,-1,0,-2,0,-6,1,3,21,21,22,32,19,20,31,37,26,32,18,11,3,-6,0,0,0,0,0,0,0,0,0,0,0,0,0,0,0,0,0,0,0,0,0,-16,24,6,6,-5,-18,-18,-8,-20,-15,-17,-17,-25,-19,-9,-6,7,9,17,19,8,17,17,13,-5,-7,-8,-9,-8,-13,-2,5,-4,-6,12,15,53,71,85,86,99,121,100,99,82,68,56,29,4,0,-9,0,0,0,0,0,0,0,0,0,0,0,0,0,0,0,0,0,0,0,0,0,0,-18,-17,-7,-8,10,-5,-2,-2,0,-15,4,-13,4,12,11,-7,25,33,16,5,20,8,-3,4,-20,-19,-9,2,1,-10,-10,-9,23,-23,-18,-5,13,0,0,0,0,0,0,0,0,0,0,0,0,0,0,0,0,0,0,0,0,0,0,0,0,0,0,0,0,0,0,0,0,0,0,0,4,3,1,-8,4,-8,-26,-16,-3,-35,-12,-28,8,30,56,116,184,201,205,201,128,66,32,12,-23,-21,-30,-6,-8,1,0,-6,-3,-2,-1,4,-9,0,0,0,0,0,0,0,0,0,0,0,0,0,0,0,0,0,0,0,0,0,0,0,0,0,0,0,0,0,0,0,0,0,0,0,0,0,0,0,0,0,0,0,0,0,0,0,0,0,0,0,0,0,0,0,0,0,0,0,0,0,0,0,0,0,0,0,0,0,0,0,0,0,0,0,0,0,0,0,0,0,0,0,0,0,0,0,0,0,0,0,0,0,0,0,0,0,0
08:47:51 544,-17,12,-7,-8,-15,-14,-19,-16,-33,-36,-34,-27,-11,18,12,20,17,17,13,13,0,12,4,5,3,-2,6,8,-1,9,7,11,13,14,29,55,86,153,223,360,470,502,411,279,166,92,50,21,7,1,-6,0,0,0,0,0,0,0,0,0,0,0,0,0,0,0,0,0,0,0,0,0,-19,12,8,4,0,-8,-24,-3,-22,-19,-12,-15,-23,-23,-7,-10,12,8,9,27,9,20,11,14,4,-2,-3,-1,-3,-4,1,17,12,10,16,13,33,43,50,39,46,62,41,43,28,31,26,5,-19,-13,-28,0,0,0,0,0,0,0,0,0,0,0,0,0,0,0,0,0,0,0,0,0,0,-20,-21,0,-5,5,2,4,-1,3,-10,10,-7,4,7,19,-8,-6,-8,-7,-4,16,5,4,3,-9,-9,-4,8,-3,0,-5,-4,12,-6,-20,2,16,0,0,0,0,0,0,0,0,0,0,0,0,0,0,0,0,0,0,0,0,0,0,0,0,0,0,0,0,0,0,0,0,0,0,0,17,2,1,-11,15,-2,-6,-5,14,-16,1,-6,-3,-11,-3,8,3,-14,-1,7,0,-6,0,1,-2,6,-15,-1,8,7,3,-3,8,9,-8,3,-3,0,0,0,0,0,0,0,0,0,0,0,0,0,0,0,0,0,0,0,0,0,0,0,0,0,0,0,0,0,0,0,0,0,0,0,0,0,0,0,0,0,0,0,0,0,0,0,0,0,0,0,0,0,0,0,0,0,0,0,0,0,0,0,0,0,0,0,0,0,0,0,0,0,0,0,0,0,0,0,0,0,0,0,0,0,0,0,0,0,0,0,0,0,0,0,0,0,0
08:47:51 856,-12,16,0,0,-11,-8,-17,-6,-24,-33,-30,-22,-7,25,21,20,23,25,11,24,8,23,17,19,10,14,11,6,6,15,10,6,-10,-10,-11,-7,-9,-3,-16,-4,-8,-20,-22,-4,16,6,25,15,12,18,15,0,0,0,0,0,0,0,0,0,0,0,0,0,0,0,0,0,0,0,0,0,-15,25,12,13,-1,-7,-5,6,-9,-10,-11,-4,-21,-11,0,9,21,14,22,45,21,34,29,29,17,14,8,1,7,2,11,13,0,-7,0,-5,4,-10,-2,-18,-16,4,-10,5,6,11,24,14,-3,7,0,0,0,0,0,0,0,0,0,0,0,0,0,0,0,0,0,0,0,0,0,0,1,-23,-27,2,-9,8,12,8,-2,2,-2,12,-14,14,7,19,-10,-4,-12,-5,-3,10,15,2,3,-9,-2,1,11,-9,-10,7,-13,21,-10,-18,-1,14,0,0,0,0,0,0,0,0,0,0,0,0,0,0,0,0,0,0,0,0,0,0,0,0,0,0,0,0,0,0,0,0,0,0,0,13,-7,10,-8,7,-8,-5,-6,11,-14,1,-5,-3,-1,6,3,10,2,2,-3,9,6,7,-3,2,-5,-7,-3,5,-12,7,-2,6,7,3,6,-13,0,0,0,0,0,0,0,0,0,0,0,0,0,0,0,0,0,0,0,0,0,0,0,0,0,0,0,0,0,0,0,0,0,0,0,0,0,0,0,0,0,0,0,0,0,0,0,0,0,0,0,0,0,0,0,0,0,0,0,0,0,0,0,0,0,0,0,0,0,0,0,0,0,0,0,0,0,0,0,0,0,0,0,0,0,0,0,0,0,0,0,0,0,0,0,0,0,0
08:47:52 168,-11,21,-4,-6,-9,-9,-9,-8,-30,-35,-31,-20,-7,20,17,25,27,26,19,19,12,22,15,12,11,15,12,9,8,10,10,6,-12,-6,-3,-8,-12,0,-13,-4,-4,-19,-21,-3,8,14,21,9,11,18,16,0,0,0,0,0,0,0,0,0,0,0,0,0,0,0,0,0,0,0,0,0,-14,25,11,6,3,-4,-8,4,-10,-12,-10,-4,-21,-9,1,11,21,19,24,42,18,35,31,27,22,12,2,6,12,3,12,7,1,-9,5,-16,2,-1,-9,-17,-12,1,-7,6,5,6,26,8,-7,7,6,0,0,0,0,0,0,0,0,0,0,0,0,0,0,0,0,0,0,0,0,0,0,-20,-22,14,-12,9,3,10,-9,14,-17,8,-9,9,4,19,-20,6,15,-7,-6,15,8,3,10,-19,-6,-3,6,7,-14,1,-6,8,-16,-17,-4,19,0,0,0,0,0,0,0,0,0,0,0,0,0,0,0,0,0,0,0,0,0,0,0,0,0,0,0,0,0,0,0,0,0,0,0,16,11,9,-7,3,-4,-9,-2,13,-13,7,-9,-1,10,4,4,12,6,6,4,-3,-1,-6,2,1,-3,-12,1,10,-4,0,-6,13,0,2,5,-12,0,0,0,0,0,0,0,0,0,0,0,0,0,0,0,0,0,0,0,0,0,0,0,0,0,0,0,0,0,0,0,0,0,0,0,0,0,0,0,0,0,0,0,0,0,0,0,0,0,0,0,0,0,0,0,0,0,0,0,0,0,0,0,0,0,0,0,0,0,0,0,0,0,0,0,0,0,0,0,0,0,0,0,0,0,0,0,0,0,0,0,0,0,0,0,0,0,0
08:47:52 465,-13,17,-1,-4,-10,-7,-5,-8,-25,-36,-34,-21,-1,21,21,27,26,28,20,26,11,18,12,16,17,9,13,7,6,14,6,-2,-2,-10,-11,-7,-8,-4,-8,-6,-14,-14,-24,-8,13,9,27,14,16,15,21,0,0,0,0,0,0,0,0,0,0,0,0,0,0,0,0,0,0,0,0,0,-14,18,13,8,1,-5,-8,-1,-12,-11,-7,-14,-10,-9,3,8,27,16,19,40,25,32,31,25,19,11,4,3,11,4,14,4,5,0,1,-16,1,-9,-8,-22,-16,3,-15,7,4,3,22,12,-6,8,5,0,0,0,0,0,0,0,0,0,0,0,0,0,0,0,0,0,0,0,0,0,1,-25,-17,5,-8,1,11,4,-1,3,-1,9,-8,2,5,7,-4,-5,-15,-17,0,19,2,4,0,-5,-5,3,8,-2,-8,-3,-8,20,-13,-15,-5,19,0,0,0,0,0,0,0,0,0,0,0,0,0,0,0,0,0,0,0,0,0,0,0,0,0,0,0,0,0,0,0,0,0,0,0,12,-6,17,-18,16,-9,-8,-2,6,-13,-2,-4,0,4,5,-1,19,0,2,6,-3,-4,-8,6,-5,0,-11,-1,7,-7,11,-8,8,19,-14,9,-7,0,0,0,0,0,0,0,0,0,0,0,0,0,0,0,0,0,0,0,0,0,0,0,0,0,0,0,0,0,0,0,0,0,0,0,0,0,0,0,0,0,0,0,0,0,0,0,0,0,0,0,0,0,0,0,0,0,0,0,0,0,0,0,0,0,0,0,0,0,0,0,0,0,0,0,0,0,0,0,0,0,0,0,0,0,0,0,0,0,0,0,0,0,0,0,0,0,0
08:47:52 777,-11,14,4,-6,-3,-8,-13,-12,-28,-34,-25,-26,-2,21,19,27,26,27,17,19,8,17,12,14,18,16,14,12,7,17,12,3,-8,-7,-16,-6,-14,-1,-16,-3,-13,-14,-21,-6,15,5,23,15,12,15,18,0,0,0,0,0,0,0,0,0,0,0,0,0,0,0,0,0,0,0,0,0,-13,20,6,6,8,-9,-11,-1,-13,-8,-14,-12,-23,-6,1,2,25,21,24,36,21,32,31,26,15,11,10,6,9,-3,12,13,10,-11,-4,-5,-3,-5,-5,-18,-16,8,-10,2,3,9,24,4,-1,2,6,0,0,0,0,0,0,0,0,0,0,0,0,0,0,0,0,0,0,0,0,0,0,-6,-18,-10,0,3,1,6,-5,12,-7,6,-10,12,0,10,-10,0,0,1,-13,28,14,6,6,-21,-2,1,4,8,-12,-4,-4,15,-20,-17,6,6,0,0,0,0,0,0,0,0,0,0,0,0,0,0,0,0,0,0,0,0,0,0,0,0,0,0,0,0,0,0,0,0,0,0,0,18,-11,-1,-8,7,-9,-6,-1,4,-18,-3,-4,2,11,9,-2,16,-4,-3,6,-2,2,0,5,-12,5,-6,0,3,-17,11,-7,5,16,-9,5,-7,0,0,0,0,0,0,0,0,0,0,0,0,0,0,0,0,0,0,0,0,0,0,0,0,0,0,0,0,0,0,0,0,0,0,0,0,0,0,0,0,0,0,0,0,0,0,0,0,0,0,0,0,0,0,0,0,0,0,0,0,0,0,0,0,0,0,0,0,0,0,0,0,0,0,0,0,0,0,0,0,0,0,0,0,0,0,0,0,0,0,0,0,0,0,0,0,0,0
08:47:53 089,-10,18,-3,-6,-18,-4,-12,-13,-24,-34,-33,-19,-6,21,19,27,30,19,16,18,16,12,22,11,16,13,9,2,7,9,5,-5,0,-11,-12,-4,-13,-3,-19,-9,-3,-20,-17,0,9,9,26,10,13,17,16,0,0,0,0,0,0,0,0,0,0,0,0,0,0,0,0,0,0,0,0,0,-15,27,14,9,5,0,-11,-3,-2,-15,-9,0,-16,-7,1,5,19,21,27,38,18,37,28,29,16,19,5,3,11,1,1,12,6,-9,-1,-8,-3,-10,-7,-17,-18,2,-12,6,2,10,22,11,-7,5,5,0,0,0,0,0,0,0,0,0,0,0,0,0,0,0,0,0,0,0,0,0,0,-27,-24,-10,-5,7,5,12,-6,6,-12,8,-11,14,17,9,-14,5,4,-11,-1,8,17,5,5,-14,-6,-6,10,2,-11,-5,-6,18,-18,-12,4,6,0,0,0,0,0,0,0,0,0,0,0,0,0,0,0,0,0,0,0,0,0,0,0,0,0,0,0,0,0,0,0,0,0,0,0,9,-5,8,-12,11,-2,-10,-4,15,-15,5,-9,-5,-3,1,4,12,1,2,5,-3,4,-4,5,-10,8,-15,1,9,-4,6,-3,2,-9,1,5,-13,0,0,0,0,0,0,0,0,0,0,0,0,0,0,0,0,0,0,0,0,0,0,0,0,0,0,0,0,0,0,0,0,0,0,0,0,0,0,0,0,0,0,0,0,0,0,0,0,0,0,0,0,0,0,0,0,0,0,0,0,0,0,0,0,0,0,0,0,0,0,0,0,0,0,0,0,0,0,0,0,0,0,0,0,0,0,0,0,0,0,0,0,0,0,0,0,0,0
08:47:53 385,-10,5,-4,-7,-9,-20,-15,-8,-24,-38,-33,-22,-3,24,17,22,24,28,17,22,10,10,16,12,13,16,7,2,1,15,7,-1,0,-17,-12,-11,-11,-5,-20,-4,-11,-13,-21,-4,9,4,22,10,9,12,19,0,0,0,0,0,0,0,0,0,0,0,0,0,0,0,0,0,0,0,0,0,-15,23,8,8,5,-5,-8,-4,-10,-11,-9,-11,-18,-7,5,5,21,18,29,35,25,34,27,26,21,9,11,7,10,1,8,6,3,-8,-6,-12,-1,-2,-3,-17,-19,7,-12,6,3,8,28,7,-5,5,2,0,0,0,0,0,0,0,0,0,0,0,0,0,0,0,0,0,0,0,0,0,0,-10,-10,-4,-3,13,18,0,-2,6,-5,14,-10,8,3,15,-14,3,-10,-6,-4,18,4,6,2,-9,-6,-1,3,-3,-6,2,-6,17,-12,-11,5,5,0,0,0,0,0,0,0,0,0,0,0,0,0,0,0,0,0,0,0,0,0,0,0,0,0,0,0,0,0,0,0,0,0,0,0,7,-10,5,-6,5,-13,-6,-9,18,-6,3,-10,4,2,7,-2,15,-4,3,2,5,3,6,-2,0,6,-7,-3,2,10,12,-6,10,-1,-9,8,-8,0,0,0,0,0,0,0,0,0,0,0,0,0,0,0,0,0,0,0,0,0,0,0,0,0,0,0,0,0,0,0,0,0,0,0,0,0,0,0,0,0,0,0,0,0,0,0,0,0,0,0,0,0,0,0,0,0,0,0,0,0,0,0,0,0,0,0,0,0,0,0,0,0,0,0,0,0,0,0,0,0,0,0,0,0,0,0,0,0,0,0,0,0,0,0,0,0,0
08:47:53 697,-11,6,-1,-8,-5,-10,-6,-6,-28,-33,-25,-21,-8,22,20,30,26,24,24,23,11,15,17,12,17,8,20,9,9,14,12,3,3,-7,-9,-7,-10,-8,-14,-6,-9,-18,-24,-3,14,7,28,12,10,20,15,0,0,0,0,0,0,0,0,0,0,0,0,0,0,0,0,0,0,0,0,0,-12,24,4,8,5,-14,-7,-3,-17,-15,-7,-13,-17,-7,-7,4,25,14,23,36,21,36,24,27,21,12,9,2,9,8,9,10,0,-12,-4,-11,-5,-1,-5,-21,-17,4,-8,1,3,4,26,6,-2,8,3,0,0,0,0,0,0,0,0,0,0,0,0,0,0,0,0,0,0,0,0,0,1,-26,-29,-2,-11,9,11,10,-5,6,-12,13,-9,3,-3,14,-10,-1,0,-4,-9,21,11,10,4,-14,-9,0,-1,7,-7,1,-8,23,-24,-17,1,10,0,0,0,0,0,0,0,0,0,0,0,0,0,0,0,0,0,0,0,0,0,0,0,0,0,0,0,0,0,0,0,0,0,0,0,2,-7,7,-7,11,-4,-10,-8,21,-9,9,-9,-1,-2,2,4,15,0,-3,7,0,9,3,-2,-4,5,-5,1,0,-4,5,-4,7,5,-9,2,-4,0,0,0,0,0,0,0,0,0,0,0,0,0,0,0,0,0,0,0,0,0,0,0,0,0,0,0,0,0,0,0,0,0,0,0,0,0,0,0,0,0,0,0,0,0,0,0,0,0,0,0,0,0,0,0,0,0,0,0,0,0,0,0,0,0,0,0,0,0,0,0,0,0,0,0,0,0,0,0,0,0,0,0,0,0,0,0,0,0,0,0,0,0,0,0,0,0,0
08:47:53 993,-12,19,-1,0,-17,-9,-12,-5,-29,-29,-24,-26,1,22,22,23,23,24,17,25,13,16,18,16,20,7,10,13,5,10,9,2,-2,-3,-12,-5,-9,-2,-16,-6,-12,-15,-21,-1,15,5,24,18,11,12,14,0,0,0,0,0,0,0,0,0,0,0,0,0,0,0,0,0,0,0,0,0,-10,14,2,-1,4,-5,-14,-1,-16,-9,-8,-17,-19,-12,3,0,25,16,29,41,25,33,31,31,13,14,10,4,10,7,11,10,6,-7,-1,-9,2,-3,-6,-16,-12,4,-8,3,1,6,25,15,-4,10,-3,0,0,0,0,0,0,0,0,0,0,0,0,0,0,0,0,0,0,0,0,0,0,-16,-23,8,-12,10,14,0,3,2,-8,4,-9,12,15,12,-8,-3,-3,-5,-10,17,8,12,1,-10,-17,-4,1,17,-13,-1,-6,15,-16,-16,-1,14,0,0,0,0,0,0,0,0,0,0,0,0,0,0,0,0,0,0,0,0,0,0,0,0,0,0,0,0,0,0,0,0,0,0,0,15,2,8,-10,11,-7,-13,-3,18,-15,8,-11,1,-3,-2,8,7,-2,0,6,0,5,-7,4,-2,-3,-17,1,13,-1,-1,1,-1,9,-7,1,-3,0,0,0,0,0,0,0,0,0,0,0,0,0,0,0,0,0,0,0,0,0,0,0,0,0,0,0,0,0,0,0,0,0,0,0,0,0,0,0,0,0,0,0,0,0,0,0,0,0,0,0,0,0,0,0,0,0,0,0,0,0,0,0,0,0,0,0,0,0,0,0,0,0,0,0,0,0,0,0,0,0,0,0,0,0,0,0,0,0,0,0,0,0,0,0,0,0,0
08:47:54 290,-14,18,1,-5,-7,-7,-5,-7,-23,-33,-32,-22,-2,26,18,32,29,27,23,23,7,22,19,13,14,11,15,12,13,11,5,2,-5,-10,-10,-8,-12,-2,-13,-4,-11,-14,-17,-6,14,17,27,15,17,17,9,0,0,0,0,0,0,0,0,0,0,0,0,0,0,0,0,0,0,0,0,0,-12,25,7,3,-2,-7,-8,-1,-14,-9,-10,-9,-19,-17,5,12,26,17,26,39,24,32,27,26,20,13,10,7,16,5,12,9,7,-3,7,-11,-7,-10,-15,-27,-21,-1,-18,1,-1,2,19,9,-6,1,6,0,0,0,0,0,0,0,0,0,0,0,0,0,0,0,0,0,0,0,0,0,0,-15,-26,-1,-7,11,14,20,-10,9,-13,9,-10,11,11,14,-10,-4,-10,-12,-9,26,12,12,9,-21,-6,-6,5,8,11,7,-11,18,-10,-23,8,7,0,0,0,0,0,0,0,0,0,0,0,0,0,0,0,0,0,0,0,0,0,0,0,0,0,0,0,0,0,0,0,0,0,0,0,13,1,2,-6,8,-12,-4,-8,14,-17,10,-5,-5,1,-5,5,11,5,6,0,4,4,1,3,-10,-4,-1,5,-5,-8,7,-2,0,8,-14,4,-4,0,0,0,0,0,0,0,0,0,0,0,0,0,0,0,0,0,0,0,0,0,0,0,0,0,0,0,0,0,0,0,0,0,0,0,0,0,0,0,0,0,0,0,0,0,0,0,0,0,0,0,0,0,0,0,0,0,0,0,0,0,0,0,0,0,0,0,0,0,0,0,0,0,0,0,0,0,0,0,0,0,0,0,0,0,0,0,0,0,0,0,0,0,0,0,0,0,0
08:47:54 586,-12,15,0,-2,-2,-8,-10,-7,-31,-32,-29,-21,-6,22,18,31,27,16,25,21,16,13,21,19,11,14,12,7,8,10,7,8,-7,-4,-14,-2,-12,2,-14,-2,-11,-16,-22,-8,7,8,21,16,14,17,16,0,0,0,0,0,0,0,0,0,0,0,0,0,0,0,0,0,0,0,0,0,-14,22,13,6,2,-8,-5,5,-11,-12,-15,-7,-15,-8,3,0,24,18,24,32,17,35,25,22,13,11,5,2,10,-3,4,5,-4,-18,-5,-11,12,4,0,-10,-13,9,-2,12,8,16,31,17,-6,5,11,0,0,0,0,0,0,0,0,0,0,0,0,0,0,0,0,0,0,0,0,0,0,-17,-24,-8,-5,9,-2,11,-6,11,-8,6,-9,5,4,20,-8,-7,0,-12,-7,19,2,7,2,-5,-17,-11,9,2,2,-3,-7,18,-20,-16,1,12,0,0,0,0,0,0,0,0,0,0,0,0,0,0,0,0,0,0,0,0,0,0,0,0,0,0,0,0,0,0,0,0,0,0,0,20,11,11,-7,6,3,-7,-7,15,-9,4,-3,-5,-11,4,4,10,-5,-1,1,10,-1,2,2,-4,15,-7,-4,9,1,12,-5,6,2,-1,4,-10,0,0,0,0,0,0,0,0,0,0,0,0,0,0,0,0,0,0,0,0,0,0,0,0,0,0,0,0,0,0,0,0,0,0,0,0,0,0,0,0,0,0,0,0,0,0,0,0,0,0,0,0,0,0,0,0,0,0,0,0,0,0,0,0,0,0,0,0,0,0,0,0,0,0,0,0,0,0,0,0,0,0,0,0,0,0,0,0,0,0,0,0,0,0,0,0,0,0
08:47:54 898,-12,7,7,-7,-14,-5,-8,-2,-26,-34,-26,-23,0,28,12,27,24,22,18,20,16,20,14,15,20,17,12,8,3,16,10,3,-8,-8,-12,-9,-9,3,-18,-4,-10,-17,-25,-2,13,4,20,11,8,18,18,0,0,0,0,0,0,0,0,0,0,0,0,0,0,0,0,0,0,0,0,0,-14,27,11,12,1,-8,-19,8,-14,-9,-7,-5,-18,-7,0,9,20,18,26,35,27,31,30,17,18,12,10,1,9,5,13,5,6,-6,3,-15,4,-6,-8,-25,-19,9,-15,7,3,4,24,7,-5,3,8,0,0,0,0,0,0,0,0,0,0,0,0,0,0,0,0,0,0,0,0,0,0,-20,-19,-3,-4,4,5,7,1,1,-21,6,-7,14,1,14,-13,-3,-13,-5,-5,19,14,11,2,-12,3,-13,5,5,2,-1,-1,14,-15,-22,7,7,0,0,0,0,0,0,0,0,0,0,0,0,0,0,0,0,0,0,0,0,0,0,0,0,0,0,0,0,0,0,0,0,0,0,0,20,-6,11,-6,0,3,0,-13,24,-6,7,-3,-9,5,6,-2,10,-2,-8,2,8,-9,-7,7,-5,-4,-16,7,-1,-4,0,-3,5,3,-4,3,-7,0,0,0,0,0,0,0,0,0,0,0,0,0,0,0,0,0,0,0,0,0,0,0,0,0,0,0,0,0,0,0,0,0,0,0,0,0,0,0,0,0,0,0,0,0,0,0,0,0,0,0,0,0,0,0,0,0,0,0,0,0,0,0,0,0,0,0,0,0,0,0,0,0,0,0,0,0,0,0,0,0,0,0,0,0,0,0,0,0,0,0,0,0,0,0,0,0,0
08:47:55 195,-13,18,3,-5,-13,-10,-13,-9,-26,-31,-31,-22,-1,19,18,25,27,25,23,20,14,16,13,11,11,9,10,14,6,12,7,5,-6,-12,-15,-8,-8,0,-8,-10,-15,-15,-20,-4,12,8,14,12,13,16,18,0,0,0,0,0,0,0,0,0,0,0,0,0,0,0,0,0,0,0,0,0,-17,23,17,11,5,-6,-10,6,-8,-6,-2,-13,-14,-8,4,8,25,18,24,43,20,31,22,29,21,14,6,3,11,3,8,5,5,-3,-3,-17,-5,-3,-7,-16,-11,-1,-8,1,7,7,23,12,-7,6,5,0,0,0,0,0,0,0,0,0,0,0,0,0,0,0,0,0,0,0,0,0,0,-24,-28,0,-7,10,-2,8,-5,7,-14,4,-5,3,4,18,-15,1,-13,-11,-4,12,20,15,2,-12,2,2,1,8,-4,2,-14,24,-11,-14,-2,12,0,0,0,0,0,0,0,0,0,0,0,0,0,0,0,0,0,0,0,0,0,0,0,0,0,0,0,0,0,0,0,0,0,0,0,16,0,1,-12,11,-11,-4,-7,18,-15,1,-4,1,-3,3,1,6,7,10,-2,4,-1,7,1,-5,5,-3,2,-5,-1,7,-4,5,-2,-6,7,-12,0,0,0,0,0,0,0,0,0,0,0,0,0,0,0,0,0,0,0,0,0,0,0,0,0,0,0,0,0,0,0,0,0,0,0,0,0,0,0,0,0,0,0,0,0,0,0,0,0,0,0,0,0,0,0,0,0,0,0,0,0,0,0,0,0,0,0,0,0,0,0,0,0,0,0,0,0,0,0,0,0,0,0,0,0,0,0,0,0,0,0,0,0,0,0,0,0,0
08:47:55 475,-12,24,2,-4,-9,-11,-19,-16,-29,-33,-26,-27,-7,19,18,25,31,23,9,21,18,14,17,11,15,12,10,4,5,8,5,3,-10,-10,-13,-5,-11,-4,-19,-7,-4,-16,-18,-9,10,5,23,10,15,16,19,0,0,0,0,0,0,0,0,0,0,0,0,0,0,0,0,0,0,0,0,0,-15,22,9,14,2,-12,-12,2,-6,-15,-1,-5,-22,-13,2,10,23,24,23,42,19,30,27,31,17,11,8,7,7,2,7,7,0,-11,2,-11,-2,-4,-3,-15,-16,2,-14,6,6,10,26,7,-7,6,4,0,0,0,0,0,0,0,0,0,0,0,0,0,0,0,0,0,0,0,0,0,1,-22,-33,2,-6,3,-1,8,-6,8,-7,6,-9,2,3,13,-11,1,-3,-18,1,17,5,0,2,-9,-14,2,9,-4,-12,-1,-6,16,-11,-20,-2,14,0,0,0,0,0,0,0,0,0,0,0,0,0,0,0,0,0,0,0,0,0,0,0,0,0,0,0,0,0,0,0,0,0,0,0,22,-1,3,-8,14,-6,-7,-9,19,-17,-6,1,-2,-7,2,1,14,13,4,1,0,-11,2,7,-13,4,-5,-1,3,-2,4,1,-4,7,-3,3,-7,0,0,0,0,0,0,0,0,0,0,0,0,0,0,0,0,0,0,0,0,0,0,0,0,0,0,0,0,0,0,0,0,0,0,0,0,0,0,0,0,0,0,0,0,0,0,0,0,0,0,0,0,0,0,0,0,0,0,0,0,0,0,0,0,0,0,0,0,0,0,0,0,0,0,0,0,0,0,0,0,0,0,0,0,0,0,0,0,0,0,0,0,0,0,0,0,0,0
08:47:55 772,-11,14,-8,-7,-11,-9,-12,-7,-27,-32,-31,-26,0,29,15,30,27,22,17,24,14,15,15,14,14,10,7,6,3,11,13,7,-7,-7,-16,-5,-12,-4,-17,-3,-11,-18,-21,-2,12,4,27,15,12,19,16,0,0,0,0,0,0,0,0,0,0,0,0,0,0,0,0,0,0,0,0,0,-16,32,14,13,5,-1,-7,11,-11,-7,-11,-2,-17,-13,1,7,21,25,27,38,21,32,32,26,19,18,9,3,14,8,10,13,6,-1,10,5,-7,-12,-9,-25,-23,-1,-19,-3,2,3,17,6,-6,0,6,0,0,0,0,0,0,0,0,0,0,0,0,0,0,0,0,0,0,0,0,0,1,-22,-29,-2,-6,3,3,-2,3,3,-20,10,-10,9,6,13,-9,-11,-6,-8,-6,19,5,8,5,-11,-12,-7,2,8,-13,3,-7,13,-17,-14,-1,14,0,0,0,0,0,0,0,0,0,0,0,0,0,0,0,0,0,0,0,0,0,0,0,0,0,0,0,0,0,0,0,0,0,0,0,22,9,9,-9,8,-1,-14,3,8,-12,2,-6,-1,2,7,2,6,-2,1,9,-4,-3,8,0,-9,3,-10,6,-5,-13,3,-6,10,-2,-1,-1,-3,0,0,0,0,0,0,0,0,0,0,0,0,0,0,0,0,0,0,0,0,0,0,0,0,0,0,0,0,0,0,0,0,0,0,0,0,0,0,0,0,0,0,0,0,0,0,0,0,0,0,0,0,0,0,0,0,0,0,0,0,0,0,0,0,0,0,0,0,0,0,0,0,0,0,0,0,0,0,0,0,0,0,0,0,0,0,0,0,0,0,0,0,0,0,0,0,0,0
